alphas,e1,e2
0.00000,-0.00000,0.00000
0.00601,-0.00601,-0.00601
0.01201,-0.01201,-0.01201
0.01802,-0.01802,-0.01802
0.02402,-0.02402,-0.02403
0.03003,-0.03003,-0.03004
0.03604,-0.03604,-0.03605
0.04204,-0.04204,-0.04206
0.04805,-0.04805,-0.04808
0.05405,-0.05405,-0.05409
0.06006,-0.06006,-0.06011
0.06607,-0.06607,-0.06612
0.07207,-0.07207,-0.07214
0.07808,-0.07808,-0.07815
0.08408,-0.08408,-0.08417
0.09009,-0.09009,-0.09019
0.09610,-0.09610,-0.09621
0.10210,-0.10210,-0.10223
0.10811,-0.10811,-0.10826
0.11411,-0.11411,-0.11428
0.12012,-0.12012,-0.12030
0.12613,-0.12613,-0.12633
0.13213,-0.13213,-0.13235
0.13814,-0.13814,-0.13838
0.14414,-0.14414,-0.14441
0.15015,-0.15015,-0.15043
0.15616,-0.15616,-0.15646
0.16216,-0.16216,-0.16249
0.16817,-0.16817,-0.16852
0.17417,-0.17417,-0.17456
0.18018,-0.18018,-0.18059
0.18619,-0.18619,-0.18662
0.19219,-0.19219,-0.19266
0.19820,-0.19820,-0.19869
0.20420,-0.20420,-0.20473
0.21021,-0.21021,-0.21077
0.21622,-0.21622,-0.21681
0.22222,-0.22222,-0.22284
0.22823,-0.22823,-0.22888
0.23423,-0.23423,-0.23493
0.24024,-0.24024,-0.24097
0.24625,-0.24625,-0.24701
0.25225,-0.25225,-0.25305
0.25826,-0.25826,-0.25910
0.26426,-0.26426,-0.26514
0.27027,-0.27027,-0.27119
0.27628,-0.27628,-0.27724
0.28228,-0.28228,-0.28329
0.28829,-0.28829,-0.28934
0.29429,-0.29429,-0.29539
0.30030,-0.30030,-0.30144
0.30631,-0.30631,-0.30749
0.31231,-0.31231,-0.31354
0.31832,-0.31832,-0.31959
0.32432,-0.32432,-0.32565
0.33033,-0.33033,-0.33170
0.33634,-0.33634,-0.33776
0.34234,-0.34234,-0.34382
0.34835,-0.34835,-0.34988
0.35435,-0.35435,-0.35594
0.36036,-0.36036,-0.36200
0.36637,-0.36637,-0.36806
0.37237,-0.37237,-0.37412
0.37838,-0.37838,-0.38018
0.38438,-0.38438,-0.38625
0.39039,-0.39039,-0.39231
0.39640,-0.39640,-0.39838
0.40240,-0.40240,-0.40444
0.40841,-0.40841,-0.41051
0.41441,-0.41441,-0.41658
0.42042,-0.42042,-0.42265
0.42643,-0.42643,-0.42872
0.43243,-0.43243,-0.43479
0.43844,-0.43844,-0.44086
0.44444,-0.44444,-0.44693
0.45045,-0.45045,-0.45301
0.45646,-0.45646,-0.45908
0.46246,-0.46246,-0.46516
0.46847,-0.46847,-0.47123
0.47447,-0.47447,-0.47731
0.48048,-0.48048,-0.48339
0.48649,-0.48649,-0.48947
0.49249,-0.49249,-0.49555
0.49850,-0.49850,-0.50163
0.50450,-0.50450,-0.50771
0.51051,-0.51051,-0.51379
0.51652,-0.51652,-0.51988
0.52252,-0.52252,-0.52596
0.52853,-0.52853,-0.53205
0.53453,-0.53453,-0.53813
0.54054,-0.54054,-0.54422
0.54655,-0.54655,-0.55031
0.55255,-0.55255,-0.55640
0.55856,-0.55856,-0.56249
0.56456,-0.56456,-0.56858
0.57057,-0.57057,-0.57467
0.57658,-0.57658,-0.58076
0.58258,-0.58258,-0.58686
0.58859,-0.58859,-0.59295
0.59459,-0.59459,-0.59905
0.60060,-0.60060,-0.60514
0.60661,-0.60661,-0.61124
0.61261,-0.61261,-0.61734
0.61862,-0.61862,-0.62344
0.62462,-0.62462,-0.62954
0.63063,-0.63063,-0.63564
0.63664,-0.63664,-0.64174
0.64264,-0.64264,-0.64785
0.64865,-0.64865,-0.65395
0.65465,-0.65465,-0.66005
0.66066,-0.66066,-0.66616
0.66667,-0.66667,-0.67227
0.67267,-0.67267,-0.67837
0.67868,-0.67868,-0.68448
0.68468,-0.68468,-0.69059
0.69069,-0.69069,-0.69670
0.69670,-0.69670,-0.70281
0.70270,-0.70270,-0.70892
0.70871,-0.70871,-0.71504
0.71471,-0.71471,-0.72115
0.72072,-0.72072,-0.72726
0.72673,-0.72673,-0.73338
0.73273,-0.73273,-0.73950
0.73874,-0.73874,-0.74561
0.74474,-0.74474,-0.75173
0.75075,-0.75075,-0.75785
0.75676,-0.75676,-0.76397
0.76276,-0.76276,-0.77009
0.76877,-0.76877,-0.77621
0.77477,-0.77477,-0.78234
0.78078,-0.78078,-0.78846
0.78679,-0.78679,-0.79459
0.79279,-0.79279,-0.80071
0.79880,-0.79880,-0.80684
0.80480,-0.80480,-0.81296
0.81081,-0.81081,-0.81909
0.81682,-0.81682,-0.82522
0.82282,-0.82282,-0.83135
0.82883,-0.82883,-0.83748
0.83483,-0.83483,-0.84361
0.84084,-0.84084,-0.84975
0.84685,-0.84685,-0.85588
0.85285,-0.85285,-0.86202
0.85886,-0.85886,-0.86815
0.86486,-0.86486,-0.87429
0.87087,-0.87087,-0.88043
0.87688,-0.87688,-0.88656
0.88288,-0.88288,-0.89270
0.88889,-0.88889,-0.89884
0.89489,-0.89489,-0.90498
0.90090,-0.90090,-0.91113
0.90691,-0.90691,-0.91727
0.91291,-0.91291,-0.92341
0.91892,-0.91892,-0.92956
0.92492,-0.92492,-0.93570
0.93093,-0.93093,-0.94185
0.93694,-0.93694,-0.94800
0.94294,-0.94294,-0.95414
0.94895,-0.94895,-0.96029
0.95495,-0.95495,-0.96644
0.96096,-0.96096,-0.97259
0.96697,-0.96697,-0.97875
0.97297,-0.97297,-0.98490
0.97898,-0.97898,-0.99105
0.98498,-0.98498,-0.99721
0.99099,-0.99099,-1.00336
0.99700,-0.99700,-1.00952
1.00300,-1.00300,-1.01568
1.00901,-1.00901,-1.02183
1.01502,-1.01502,-1.02799
1.02102,-1.02102,-1.03415
1.02703,-1.02703,-1.04031
1.03303,-1.03303,-1.04648
1.03904,-1.03904,-1.05264
1.04505,-1.04505,-1.05880
1.05105,-1.05105,-1.06497
1.05706,-1.05706,-1.07113
1.06306,-1.06306,-1.07730
1.06907,-1.06907,-1.08347
1.07508,-1.07508,-1.08964
1.08108,-1.08108,-1.09580
1.08709,-1.08709,-1.10197
1.09309,-1.09309,-1.10815
1.09910,-1.09910,-1.11432
1.10511,-1.10511,-1.12049
1.11111,-1.11111,-1.12666
1.11712,-1.11712,-1.13284
1.12312,-1.12312,-1.13901
1.12913,-1.12913,-1.14519
1.13514,-1.13514,-1.15137
1.14114,-1.14114,-1.15755
1.14715,-1.14715,-1.16373
1.15315,-1.15315,-1.16991
1.15916,-1.15916,-1.17609
1.16517,-1.16517,-1.18227
1.17117,-1.17117,-1.18845
1.17718,-1.17718,-1.19463
1.18318,-1.18318,-1.20082
1.18919,-1.18919,-1.20700
1.19520,-1.19520,-1.21319
1.20120,-1.20120,-1.21938
1.20721,-1.20721,-1.22557
1.21321,-1.21321,-1.23176
1.21922,-1.21922,-1.23795
1.22523,-1.22523,-1.24414
1.23123,-1.23123,-1.25033
1.23724,-1.23724,-1.25652
1.24324,-1.24324,-1.26272
1.24925,-1.24925,-1.26891
1.25526,-1.25526,-1.27511
1.26126,-1.26126,-1.28130
1.26727,-1.26727,-1.28750
1.27327,-1.27327,-1.29370
1.27928,-1.27928,-1.29990
1.28529,-1.28529,-1.30610
1.29129,-1.29129,-1.31230
1.29730,-1.29730,-1.31850
1.30330,-1.30330,-1.32470
1.30931,-1.30931,-1.33091
1.31532,-1.31532,-1.33711
1.32132,-1.32132,-1.34332
1.32733,-1.32733,-1.34952
1.33333,-1.33333,-1.35573
1.33934,-1.33934,-1.36194
1.34535,-1.34535,-1.36815
1.35135,-1.35135,-1.37436
1.35736,-1.35736,-1.38057
1.36336,-1.36336,-1.38678
1.36937,-1.36937,-1.39299
1.37538,-1.37538,-1.39921
1.38138,-1.38138,-1.40542
1.38739,-1.38739,-1.41164
1.39339,-1.39339,-1.41785
1.39940,-1.39940,-1.42407
1.40541,-1.40541,-1.43029
1.41141,-1.41141,-1.43651
1.41742,-1.41742,-1.44273
1.42342,-1.42342,-1.44895
1.42943,-1.42943,-1.45517
1.43544,-1.43544,-1.46139
1.44144,-1.44144,-1.46762
1.44745,-1.44745,-1.47384
1.45345,-1.45345,-1.48007
1.45946,-1.45946,-1.48629
1.46547,-1.46547,-1.49252
1.47147,-1.47147,-1.49875
1.47748,-1.47748,-1.50498
1.48348,-1.48348,-1.51121
1.48949,-1.48949,-1.51744
1.49550,-1.49550,-1.52367
1.50150,-1.50150,-1.52990
1.50751,-1.50751,-1.53614
1.51351,-1.51351,-1.54237
1.51952,-1.51952,-1.54861
1.52553,-1.52553,-1.55484
1.53153,-1.53153,-1.56108
1.53754,-1.53754,-1.56732
1.54354,-1.54354,-1.57356
1.54955,-1.54955,-1.57980
1.55556,-1.55556,-1.58604
1.56156,-1.56156,-1.59228
1.56757,-1.56757,-1.59852
1.57357,-1.57357,-1.60477
1.57958,-1.57958,-1.61101
1.58559,-1.58559,-1.61726
1.59159,-1.59159,-1.62350
1.59760,-1.59760,-1.62975
1.60360,-1.60360,-1.63600
1.60961,-1.60961,-1.64225
1.61562,-1.61562,-1.64850
1.62162,-1.62162,-1.65475
1.62763,-1.62763,-1.66100
1.63363,-1.63363,-1.66725
1.63964,-1.63964,-1.67351
1.64565,-1.64565,-1.67976
1.65165,-1.65165,-1.68602
1.65766,-1.65766,-1.69227
1.66366,-1.66366,-1.69853
1.66967,-1.66967,-1.70479
1.67568,-1.67568,-1.71105
1.68168,-1.68168,-1.71731
1.68769,-1.68769,-1.72357
1.69369,-1.69369,-1.72983
1.69970,-1.69970,-1.73609
1.70571,-1.70571,-1.74236
1.71171,-1.71171,-1.74862
1.71772,-1.71772,-1.75489
1.72372,-1.72372,-1.76115
1.72973,-1.72973,-1.76742
1.73574,-1.73574,-1.77369
1.74174,-1.74174,-1.77996
1.74775,-1.74775,-1.78623
1.75375,-1.75375,-1.79250
1.75976,-1.75976,-1.79877
1.76577,-1.76577,-1.80504
1.77177,-1.77177,-1.81132
1.77778,-1.77778,-1.81759
1.78378,-1.78378,-1.82387
1.78979,-1.78979,-1.83014
1.79580,-1.79580,-1.83642
1.80180,-1.80180,-1.84270
1.80781,-1.80781,-1.84898
1.81381,-1.81381,-1.85526
1.81982,-1.81982,-1.86154
1.82583,-1.82583,-1.86782
1.83183,-1.83183,-1.87411
1.83784,-1.83784,-1.88039
1.84384,-1.84384,-1.88667
1.84985,-1.84985,-1.89296
1.85586,-1.85586,-1.89925
1.86186,-1.86186,-1.90553
1.86787,-1.86787,-1.91182
1.87387,-1.87387,-1.91811
1.87988,-1.87988,-1.92440
1.88589,-1.88589,-1.93069
1.89189,-1.89189,-1.93698
1.89790,-1.89790,-1.94328
1.90390,-1.90390,-1.94957
1.90991,-1.90991,-1.95586
1.91592,-1.91592,-1.96216
1.92192,-1.92192,-1.96846
1.92793,-1.92793,-1.97475
1.93393,-1.93393,-1.98105
1.93994,-1.93994,-1.98735
1.94595,-1.94595,-1.99365
1.95195,-1.95195,-1.99995
1.95796,-1.95796,-2.00625
1.96396,-1.96396,-2.01256
1.96997,-1.96997,-2.01886
1.97598,-1.97598,-2.02516
1.98198,-1.98198,-2.03147
1.98799,-1.98799,-2.03778
1.99399,-1.99399,-2.04408
2.00000,-2.00000,-2.05039
2.00601,-2.00601,-2.05670
2.01201,-2.01201,-2.06301
2.01802,-2.01802,-2.06932
2.02402,-2.02402,-2.07563
2.03003,-2.03003,-2.08195
2.03604,-2.03604,-2.08826
2.04204,-2.04204,-2.09457
2.04805,-2.04805,-2.10089
2.05405,-2.05405,-2.10721
2.06006,-2.06006,-2.11352
2.06607,-2.06607,-2.11984
2.07207,-2.07207,-2.12616
2.07808,-2.07808,-2.13248
2.08408,-2.08408,-2.13880
2.09009,-2.09009,-2.14512
2.09610,-2.09610,-2.15145
2.10210,-2.10210,-2.15777
2.10811,-2.10811,-2.16409
2.11411,-2.11411,-2.17042
2.12012,-2.12012,-2.17675
2.12613,-2.12613,-2.18307
2.13213,-2.13213,-2.18940
2.13814,-2.13814,-2.19573
2.14414,-2.14414,-2.20206
2.15015,-2.15015,-2.20839
2.15616,-2.15616,-2.21472
2.16216,-2.16216,-2.22106
2.16817,-2.16817,-2.22739
2.17417,-2.17417,-2.23372
2.18018,-2.18018,-2.24006
2.18619,-2.18619,-2.24640
2.19219,-2.19219,-2.25273
2.19820,-2.19820,-2.25907
2.20420,-2.20420,-2.26541
2.21021,-2.21021,-2.27175
2.21622,-2.21622,-2.27809
2.22222,-2.22222,-2.28443
2.22823,-2.22823,-2.29078
2.23423,-2.23423,-2.29712
2.24024,-2.24024,-2.30346
2.24625,-2.24625,-2.30981
2.25225,-2.25225,-2.31616
2.25826,-2.25826,-2.32250
2.26426,-2.26426,-2.32885
2.27027,-2.27027,-2.33520
2.27628,-2.27628,-2.34155
2.28228,-2.28228,-2.34790
2.28829,-2.28829,-2.35425
2.29429,-2.29429,-2.36061
2.30030,-2.30030,-2.36696
2.30631,-2.30631,-2.37331
2.31231,-2.31231,-2.37967
2.31832,-2.31832,-2.38603
2.32432,-2.32432,-2.39238
2.33033,-2.33033,-2.39874
2.33634,-2.33634,-2.40510
2.34234,-2.34234,-2.41146
2.34835,-2.34835,-2.41782
2.35435,-2.35435,-2.42418
2.36036,-2.36036,-2.43055
2.36637,-2.36637,-2.43691
2.37237,-2.37237,-2.44327
2.37838,-2.37838,-2.44964
2.38438,-2.38438,-2.45601
2.39039,-2.39039,-2.46237
2.39640,-2.39640,-2.46874
2.40240,-2.40240,-2.47511
2.40841,-2.40841,-2.48148
2.41441,-2.41441,-2.48785
2.42042,-2.42042,-2.49422
2.42643,-2.42643,-2.50060
2.43243,-2.43243,-2.50697
2.43844,-2.43844,-2.51334
2.44444,-2.44444,-2.51972
2.45045,-2.45045,-2.52610
2.45646,-2.45646,-2.53247
2.46246,-2.46246,-2.53885
2.46847,-2.46847,-2.54523
2.47447,-2.47447,-2.55161
2.48048,-2.48048,-2.55799
2.48649,-2.48649,-2.56437
2.49249,-2.49249,-2.57076
2.49850,-2.49850,-2.57714
2.50450,-2.50450,-2.58352
2.51051,-2.51051,-2.58991
2.51652,-2.51652,-2.59630
2.52252,-2.52252,-2.60268
2.52853,-2.52853,-2.60907
2.53453,-2.53453,-2.61546
2.54054,-2.54054,-2.62185
2.54655,-2.54655,-2.62824
2.55255,-2.55255,-2.63463
2.55856,-2.55856,-2.64103
2.56456,-2.56456,-2.64742
2.57057,-2.57057,-2.65381
2.57658,-2.57658,-2.66021
2.58258,-2.58258,-2.66661
2.58859,-2.58859,-2.67300
2.59459,-2.59459,-2.67940
2.60060,-2.60060,-2.68580
2.60661,-2.60661,-2.69220
2.61261,-2.61261,-2.69860
2.61862,-2.61862,-2.70500
2.62462,-2.62462,-2.71141
2.63063,-2.63063,-2.71781
2.63664,-2.63664,-2.72421
2.64264,-2.64264,-2.73062
2.64865,-2.64865,-2.73703
2.65465,-2.65465,-2.74343
2.66066,-2.66066,-2.74984
2.66667,-2.66667,-2.75625
2.67267,-2.67267,-2.76266
2.67868,-2.67868,-2.76907
2.68468,-2.68468,-2.77548
2.69069,-2.69069,-2.78190
2.69670,-2.69670,-2.78831
2.70270,-2.70270,-2.79472
2.70871,-2.70871,-2.80114
2.71471,-2.71471,-2.80756
2.72072,-2.72072,-2.81397
2.72673,-2.72673,-2.82039
2.73273,-2.73273,-2.82681
2.73874,-2.73874,-2.83323
2.74474,-2.74474,-2.83965
2.75075,-2.75075,-2.84607
2.75676,-2.75676,-2.85250
2.76276,-2.76276,-2.85892
2.76877,-2.76877,-2.86534
2.77477,-2.77477,-2.87177
2.78078,-2.78078,-2.87820
2.78679,-2.78679,-2.88462
2.79279,-2.79279,-2.89105
2.79880,-2.79880,-2.89748
2.80480,-2.80480,-2.90391
2.81081,-2.81081,-2.91034
2.81682,-2.81682,-2.91677
2.82282,-2.82282,-2.92321
2.82883,-2.82883,-2.92964
2.83483,-2.83483,-2.93607
2.84084,-2.84084,-2.94251
2.84685,-2.84685,-2.94895
2.85285,-2.85285,-2.95538
2.85886,-2.85886,-2.96182
2.86486,-2.86486,-2.96826
2.87087,-2.87087,-2.97470
2.87688,-2.87688,-2.98114
2.88288,-2.88288,-2.98758
2.88889,-2.88889,-2.99403
2.89489,-2.89489,-3.00047
2.90090,-2.90090,-3.00691
2.90691,-2.90691,-3.01336
2.91291,-2.91291,-3.01981
2.91892,-2.91892,-3.02625
2.92492,-2.92492,-3.03270
2.93093,-2.93093,-3.03915
2.93694,-2.93694,-3.04560
2.94294,-2.94294,-3.05205
2.94895,-2.94895,-3.05850
2.95495,-2.95495,-3.06496
2.96096,-2.96096,-3.07141
2.96697,-2.96697,-3.07786
2.97297,-2.97297,-3.08432
2.97898,-2.97898,-3.09078
2.98498,-2.98498,-3.09723
2.99099,-2.99099,-3.10369
2.99700,-2.99700,-3.11015
3.00300,-3.00300,-3.11661
3.00901,-3.00901,-3.12307
3.01502,-3.01502,-3.12953
3.02102,-3.02102,-3.13600
3.02703,-3.02703,-3.14246
3.03303,-3.03303,-3.14892
3.03904,-3.03904,-3.15539
3.04505,-3.04505,-3.16186
3.05105,-3.05105,-3.16832
3.05706,-3.05706,-3.17479
3.06306,-3.06306,-3.18126
3.06907,-3.06907,-3.18773
3.07508,-3.07508,-3.19420
3.08108,-3.08108,-3.20067
3.08709,-3.08709,-3.20715
3.09309,-3.09309,-3.21362
3.09910,-3.09910,-3.22009
3.10511,-3.10511,-3.22657
3.11111,-3.11111,-3.23305
3.11712,-3.11712,-3.23952
3.12312,-3.12312,-3.24600
3.12913,-3.12913,-3.25248
3.13514,-3.13514,-3.25896
3.14114,-3.14114,-3.26544
3.14715,-3.14715,-3.27192
3.15315,-3.15315,-3.27841
3.15916,-3.15916,-3.28489
3.16517,-3.16517,-3.29137
3.17117,-3.17117,-3.29786
3.17718,-3.17718,-3.30435
3.18318,-3.18318,-3.31083
3.18919,-3.18919,-3.31732
3.19520,-3.19520,-3.32381
3.20120,-3.20120,-3.33030
3.20721,-3.20721,-3.33679
3.21321,-3.21321,-3.34328
3.21922,-3.21922,-3.34977
3.22523,-3.22523,-3.35627
3.23123,-3.23123,-3.36276
3.23724,-3.23724,-3.36926
3.24324,-3.24324,-3.37575
3.24925,-3.24925,-3.38225
3.25526,-3.25526,-3.38875
3.26126,-3.26126,-3.39525
3.26727,-3.26727,-3.40175
3.27327,-3.27327,-3.40825
3.27928,-3.27928,-3.41475
3.28529,-3.28529,-3.42125
3.29129,-3.29129,-3.42776
3.29730,-3.29730,-3.43426
3.30330,-3.30330,-3.44077
3.30931,-3.30931,-3.44727
3.31532,-3.31532,-3.45378
3.32132,-3.32132,-3.46029
3.32733,-3.32733,-3.46680
3.33333,-3.33333,-3.47331
3.33934,-3.33934,-3.47982
3.34535,-3.34535,-3.48633
3.35135,-3.35135,-3.49284
3.35736,-3.35736,-3.49936
3.36336,-3.36336,-3.50587
3.36937,-3.36937,-3.51239
3.37538,-3.37538,-3.51890
3.38138,-3.38138,-3.52542
3.38739,-3.38739,-3.53194
3.39339,-3.39339,-3.53846
3.39940,-3.39940,-3.54498
3.40541,-3.40541,-3.55150
3.41141,-3.41141,-3.55802
3.41742,-3.41742,-3.56454
3.42342,-3.42342,-3.57107
3.42943,-3.42943,-3.57759
3.43544,-3.43544,-3.58412
3.44144,-3.44144,-3.59064
3.44745,-3.44745,-3.59717
3.45345,-3.45345,-3.60370
3.45946,-3.45946,-3.61023
3.46547,-3.46547,-3.61676
3.47147,-3.47147,-3.62329
3.47748,-3.47748,-3.62982
3.48348,-3.48348,-3.63635
3.48949,-3.48949,-3.64289
3.49550,-3.49550,-3.64942
3.50150,-3.50150,-3.65596
3.50751,-3.50751,-3.66249
3.51351,-3.51351,-3.66903
3.51952,-3.51952,-3.67557
3.52553,-3.52553,-3.68211
3.53153,-3.53153,-3.68865
3.53754,-3.53754,-3.69519
3.54354,-3.54354,-3.70173
3.54955,-3.54955,-3.70827
3.55556,-3.55556,-3.71482
3.56156,-3.56156,-3.72136
3.56757,-3.56757,-3.72791
3.57357,-3.57357,-3.73445
3.57958,-3.57958,-3.74100
3.58559,-3.58559,-3.74755
3.59159,-3.59159,-3.75410
3.59760,-3.59760,-3.76065
3.60360,-3.60360,-3.76720
3.60961,-3.60961,-3.77375
3.61562,-3.61562,-3.78030
3.62162,-3.62162,-3.78686
3.62763,-3.62763,-3.79341
3.63363,-3.63363,-3.79997
3.63964,-3.63964,-3.80652
3.64565,-3.64565,-3.81308
3.65165,-3.65165,-3.81964
3.65766,-3.65766,-3.82620
3.66366,-3.66366,-3.83276
3.66967,-3.66967,-3.83932
3.67568,-3.67568,-3.84588
3.68168,-3.68168,-3.85244
3.68769,-3.68769,-3.85901
3.69369,-3.69369,-3.86557
3.69970,-3.69970,-3.87214
3.70571,-3.70571,-3.87870
3.71171,-3.71171,-3.88527
3.71772,-3.71772,-3.89184
3.72372,-3.72372,-3.89841
3.72973,-3.72973,-3.90498
3.73574,-3.73574,-3.91155
3.74174,-3.74174,-3.91812
3.74775,-3.74775,-3.92469
3.75375,-3.75375,-3.93127
3.75976,-3.75976,-3.93784
3.76577,-3.76577,-3.94442
3.77177,-3.77177,-3.95099
3.77778,-3.77778,-3.95757
3.78378,-3.78378,-3.96415
3.78979,-3.78979,-3.97073
3.79580,-3.79580,-3.97731
3.80180,-3.80180,-3.98389
3.80781,-3.80781,-3.99047
3.81381,-3.81381,-3.99705
3.81982,-3.81982,-4.00363
3.82583,-3.82583,-4.01022
3.83183,-3.83183,-4.01680
3.83784,-3.83784,-4.02339
3.84384,-3.84384,-4.02998
3.84985,-3.84985,-4.03657
3.85586,-3.85586,-4.04316
3.86186,-3.86186,-4.04975
3.86787,-3.86787,-4.05634
3.87387,-3.87387,-4.06293
3.87988,-3.87988,-4.06952
3.88589,-3.88589,-4.07611
3.89189,-3.89189,-4.08271
3.89790,-3.89790,-4.08930
3.90390,-3.90390,-4.09590
3.90991,-3.90991,-4.10250
3.91592,-3.91592,-4.10910
3.92192,-3.92192,-4.11569
3.92793,-3.92793,-4.12229
3.93393,-3.93393,-4.12890
3.93994,-3.93994,-4.13550
3.94595,-3.94595,-4.14210
3.95195,-3.95195,-4.14870
3.95796,-3.95796,-4.15531
3.96396,-3.96396,-4.16191
3.96997,-3.96997,-4.16852
3.97598,-3.97598,-4.17513
3.98198,-3.98198,-4.18174
3.98799,-3.98799,-4.18834
3.99399,-3.99399,-4.19495
4.00000,-4.00000,-4.20156
4.00601,-4.00601,-4.20818
4.01201,-4.01201,-4.21479
4.01802,-4.01802,-4.22140
4.02402,-4.02402,-4.22802
4.03003,-4.03003,-4.23463
4.03604,-4.03604,-4.24125
4.04204,-4.04204,-4.24787
4.04805,-4.04805,-4.25448
4.05405,-4.05405,-4.26110
4.06006,-4.06006,-4.26772
4.06607,-4.06607,-4.27434
4.07207,-4.07207,-4.28097
4.07808,-4.07808,-4.28759
4.08408,-4.08408,-4.29421
4.09009,-4.09009,-4.30084
4.09610,-4.09610,-4.30746
4.10210,-4.10210,-4.31409
4.10811,-4.10811,-4.32072
4.11411,-4.11411,-4.32734
4.12012,-4.12012,-4.33397
4.12613,-4.12613,-4.34060
4.13213,-4.13213,-4.34723
4.13814,-4.13814,-4.35387
4.14414,-4.14414,-4.36050
4.15015,-4.15015,-4.36713
4.15616,-4.15616,-4.37377
4.16216,-4.16216,-4.38040
4.16817,-4.16817,-4.38704
4.17417,-4.17417,-4.39367
4.18018,-4.18018,-4.40031
4.18619,-4.18619,-4.40695
4.19219,-4.19219,-4.41359
4.19820,-4.19820,-4.42023
4.20420,-4.20420,-4.42687
4.21021,-4.21021,-4.43352
4.21622,-4.21622,-4.44016
4.22222,-4.22222,-4.44681
4.22823,-4.22823,-4.45345
4.23423,-4.23423,-4.46010
4.24024,-4.24024,-4.46674
4.24625,-4.24625,-4.47339
4.25225,-4.25225,-4.48004
4.25826,-4.25826,-4.48669
4.26426,-4.26426,-4.49334
4.27027,-4.27027,-4.49999
4.27628,-4.27628,-4.50665
4.28228,-4.28228,-4.51330
4.28829,-4.28829,-4.51995
4.29429,-4.29429,-4.52661
4.30030,-4.30030,-4.53327
4.30631,-4.30631,-4.53992
4.31231,-4.31231,-4.54658
4.31832,-4.31832,-4.55324
4.32432,-4.32432,-4.55990
4.33033,-4.33033,-4.56656
4.33634,-4.33634,-4.57322
4.34234,-4.34234,-4.57989
4.34835,-4.34835,-4.58655
4.35435,-4.35435,-4.59321
4.36036,-4.36036,-4.59988
4.36637,-4.36637,-4.60655
4.37237,-4.37237,-4.61321
4.37838,-4.37838,-4.61988
4.38438,-4.38438,-4.62655
4.39039,-4.39039,-4.63322
4.39640,-4.39640,-4.63989
4.40240,-4.40240,-4.64656
4.40841,-4.40841,-4.65323
4.41441,-4.41441,-4.65991
4.42042,-4.42042,-4.66658
4.42643,-4.42643,-4.67326
4.43243,-4.43243,-4.67993
4.43844,-4.43844,-4.68661
4.44444,-4.44444,-4.69329
4.45045,-4.45045,-4.69997
4.45646,-4.45646,-4.70665
4.46246,-4.46246,-4.71333
4.46847,-4.46847,-4.72001
4.47447,-4.47447,-4.72669
4.48048,-4.48048,-4.73338
4.48649,-4.48649,-4.74006
4.49249,-4.49249,-4.74675
4.49850,-4.49850,-4.75343
4.50450,-4.50450,-4.76012
4.51051,-4.51051,-4.76681
4.51652,-4.51652,-4.77350
4.52252,-4.52252,-4.78019
4.52853,-4.52853,-4.78688
4.53453,-4.53453,-4.79357
4.54054,-4.54054,-4.80026
4.54655,-4.54655,-4.80696
4.55255,-4.55255,-4.81365
4.55856,-4.55856,-4.82035
4.56456,-4.56456,-4.82704
4.57057,-4.57057,-4.83374
4.57658,-4.57658,-4.84044
4.58258,-4.58258,-4.84714
4.58859,-4.58859,-4.85384
4.59459,-4.59459,-4.86054
4.60060,-4.60060,-4.86724
4.60661,-4.60661,-4.87394
4.61261,-4.61261,-4.88065
4.61862,-4.61862,-4.88735
4.62462,-4.62462,-4.89406
4.63063,-4.63063,-4.90076
4.63664,-4.63664,-4.90747
4.64264,-4.64264,-4.91418
4.64865,-4.64865,-4.92089
4.65465,-4.65465,-4.92760
4.66066,-4.66066,-4.93431
4.66667,-4.66667,-4.94102
4.67267,-4.67267,-4.94773
4.67868,-4.67868,-4.95445
4.68468,-4.68468,-4.96116
4.69069,-4.69069,-4.96787
4.69670,-4.69670,-4.97459
4.70270,-4.70270,-4.98131
4.70871,-4.70871,-4.98803
4.71471,-4.71471,-4.99475
4.72072,-4.72072,-5.00147
4.72673,-4.72673,-5.00819
4.73273,-4.73273,-5.01491
4.73874,-4.73874,-5.02163
4.74474,-4.74474,-5.02835
4.75075,-4.75075,-5.03508
4.75676,-4.75676,-5.04180
4.76276,-4.76276,-5.04853
4.76877,-4.76877,-5.05526
4.77477,-4.77477,-5.06199
4.78078,-4.78078,-5.06871
4.78679,-4.78679,-5.07544
4.79279,-4.79279,-5.08218
4.79880,-4.79880,-5.08891
4.80480,-4.80480,-5.09564
4.81081,-4.81081,-5.10237
4.81682,-4.81682,-5.10911
4.82282,-4.82282,-5.11584
4.82883,-4.82883,-5.12258
4.83483,-4.83483,-5.12932
4.84084,-4.84084,-5.13605
4.84685,-4.84685,-5.14279
4.85285,-4.85285,-5.14953
4.85886,-4.85886,-5.15627
4.86486,-4.86486,-5.16302
4.87087,-4.87087,-5.16976
4.87688,-4.87688,-5.17650
4.88288,-4.88288,-5.18325
4.88889,-4.88889,-5.18999
4.89489,-4.89489,-5.19674
4.90090,-4.90090,-5.20349
4.90691,-4.90691,-5.21023
4.91291,-4.91291,-5.21698
4.91892,-4.91892,-5.22373
4.92492,-4.92492,-5.23048
4.93093,-4.93093,-5.23723
4.93694,-4.93694,-5.24399
4.94294,-4.94294,-5.25074
4.94895,-4.94895,-5.25750
4.95495,-4.95495,-5.26425
4.96096,-4.96096,-5.27101
4.96697,-4.96697,-5.27776
4.97297,-4.97297,-5.28452
4.97898,-4.97898,-5.29128
4.98498,-4.98498,-5.29804
4.99099,-4.99099,-5.30480
4.99700,-4.99700,-5.31156
5.00300,-5.00300,-5.31833
5.00901,-5.00901,-5.32509
5.01502,-5.01502,-5.33185
5.02102,-5.02102,-5.33862
5.02703,-5.02703,-5.34539
5.03303,-5.03303,-5.35215
5.03904,-5.03904,-5.35892
5.04505,-5.04505,-5.36569
5.05105,-5.05105,-5.37246
5.05706,-5.05706,-5.37923
5.06306,-5.06306,-5.38600
5.06907,-5.06907,-5.39278
5.07508,-5.07508,-5.39955
5.08108,-5.08108,-5.40632
5.08709,-5.08709,-5.41310
5.09309,-5.09309,-5.41988
5.09910,-5.09910,-5.42665
5.10511,-5.10511,-5.43343
5.11111,-5.11111,-5.44021
5.11712,-5.11712,-5.44699
5.12312,-5.12312,-5.45377
5.12913,-5.12913,-5.46055
5.13514,-5.13514,-5.46733
5.14114,-5.14114,-5.47412
5.14715,-5.14715,-5.48090
5.15315,-5.15315,-5.48769
5.15916,-5.15916,-5.49447
5.16517,-5.16517,-5.50126
5.17117,-5.17117,-5.50805
5.17718,-5.17718,-5.51484
5.18318,-5.18318,-5.52163
5.18919,-5.18919,-5.52842
5.19520,-5.19520,-5.53521
5.20120,-5.20120,-5.54200
5.20721,-5.20721,-5.54880
5.21321,-5.21321,-5.55559
5.21922,-5.21922,-5.56239
5.22523,-5.22523,-5.56918
5.23123,-5.23123,-5.57598
5.23724,-5.23724,-5.58278
5.24324,-5.24324,-5.58958
5.24925,-5.24925,-5.59638
5.25526,-5.25526,-5.60318
5.26126,-5.26126,-5.60998
5.26727,-5.26727,-5.61678
5.27327,-5.27327,-5.62359
5.27928,-5.27928,-5.63039
5.28529,-5.28529,-5.63720
5.29129,-5.29129,-5.64400
5.29730,-5.29730,-5.65081
5.30330,-5.30330,-5.65762
5.30931,-5.30931,-5.66443
5.31532,-5.31532,-5.67124
5.32132,-5.32132,-5.67805
5.32733,-5.32733,-5.68486
5.33333,-5.33333,-5.69167
5.33934,-5.33934,-5.69848
5.34535,-5.34535,-5.70530
5.35135,-5.35135,-5.71211
5.35736,-5.35736,-5.71893
5.36336,-5.36336,-5.72575
5.36937,-5.36937,-5.73257
5.37538,-5.37538,-5.73938
5.38138,-5.38138,-5.74620
5.38739,-5.38739,-5.75303
5.39339,-5.39339,-5.75985
5.39940,-5.39940,-5.76667
5.40541,-5.40541,-5.77349
5.41141,-5.41141,-5.78032
5.41742,-5.41742,-5.78714
5.42342,-5.42342,-5.79397
5.42943,-5.42943,-5.80080
5.43544,-5.43544,-5.80762
5.44144,-5.44144,-5.81445
5.44745,-5.44745,-5.82128
5.45345,-5.45345,-5.82811
5.45946,-5.45946,-5.83495
5.46547,-5.46547,-5.84178
5.47147,-5.47147,-5.84861
5.47748,-5.47748,-5.85545
5.48348,-5.48348,-5.86228
5.48949,-5.48949,-5.86912
5.49550,-5.49550,-5.87596
5.50150,-5.50150,-5.88279
5.50751,-5.50751,-5.88963
5.51351,-5.51351,-5.89647
5.51952,-5.51952,-5.90331
5.52553,-5.52553,-5.91015
5.53153,-5.53153,-5.91700
5.53754,-5.53754,-5.92384
5.54354,-5.54354,-5.93069
5.54955,-5.54955,-5.93753
5.55556,-5.55556,-5.94438
5.56156,-5.56156,-5.95122
5.56757,-5.56757,-5.95807
5.57357,-5.57357,-5.96492
5.57958,-5.57958,-5.97177
5.58559,-5.58559,-5.97862
5.59159,-5.59159,-5.98547
5.59760,-5.59760,-5.99233
5.60360,-5.60360,-5.99918
5.60961,-5.60961,-6.00603
5.61562,-5.61562,-6.01289
5.62162,-5.62162,-6.01975
5.62763,-5.62763,-6.02660
5.63363,-5.63363,-6.03346
5.63964,-5.63964,-6.04032
5.64565,-5.64565,-6.04718
5.65165,-5.65165,-6.05404
5.65766,-5.65766,-6.06090
5.66366,-5.66366,-6.06776
5.66967,-5.66967,-6.07463
5.67568,-5.67568,-6.08149
5.68168,-5.68168,-6.08836
5.68769,-5.68769,-6.09522
5.69369,-5.69369,-6.10209
5.69970,-5.69970,-6.10896
5.70571,-5.70571,-6.11583
5.71171,-5.71171,-6.12270
5.71772,-5.71772,-6.12957
5.72372,-5.72372,-6.13644
5.72973,-5.72973,-6.14331
5.73574,-5.73574,-6.15019
5.74174,-5.74174,-6.15706
5.74775,-5.74775,-6.16394
5.75375,-5.75375,-6.17081
5.75976,-5.75976,-6.17769
5.76577,-5.76577,-6.18457
5.77177,-5.77177,-6.19145
5.77778,-5.77778,-6.19833
5.78378,-5.78378,-6.20521
5.78979,-5.78979,-6.21209
5.79580,-5.79580,-6.21897
5.80180,-5.80180,-6.22586
5.80781,-5.80781,-6.23274
5.81381,-5.81381,-6.23962
5.81982,-5.81982,-6.24651
5.82583,-5.82583,-6.25340
5.83183,-5.83183,-6.26029
5.83784,-5.83784,-6.26718
5.84384,-5.84384,-6.27407
5.84985,-5.84985,-6.28096
5.85586,-5.85586,-6.28785
5.86186,-5.86186,-6.29474
5.86787,-5.86787,-6.30163
5.87387,-5.87387,-6.30853
5.87988,-5.87988,-6.31542
5.88589,-5.88589,-6.32232
5.89189,-5.89189,-6.32922
5.89790,-5.89790,-6.33611
5.90390,-5.90390,-6.34301
5.90991,-5.90991,-6.34991
5.91592,-5.91592,-6.35681
5.92192,-5.92192,-6.36372
5.92793,-5.92793,-6.37062
5.93393,-5.93393,-6.37752
5.93994,-5.93994,-6.38443
5.94595,-5.94595,-6.39133
5.95195,-5.95195,-6.39824
5.95796,-5.95796,-6.40515
5.96396,-5.96396,-6.41205
5.96997,-5.96997,-6.41896
5.97598,-5.97598,-6.42587
5.98198,-5.98198,-6.43278
5.98799,-5.98799,-6.43969
5.99399,-5.99399,-6.44661
6.00000,-6.00000,-6.45352
