taus,g,fit
0.01000,0.94579,0.03076
0.03000,0.85515,0.03073
0.05000,0.78035,0.03070
0.07000,0.71628,0.03067
0.09000,0.66052,0.03064
0.11000,0.61147,0.03061
0.13000,0.56799,0.03059
0.15000,0.52920,0.03056
0.17000,0.49439,0.03053
0.19000,0.46302,0.03050
0.21000,0.43463,0.03047
0.23000,0.40883,0.03044
0.25000,0.38532,0.03042
0.27000,0.36382,0.03039
0.29000,0.34411,0.03036
0.31000,0.32599,0.03033
0.33000,0.30930,0.03030
0.35000,0.29389,0.03027
0.37000,0.27962,0.03025
0.39000,0.26640,0.03022
0.41000,0.25412,0.03019
0.43000,0.24269,0.03016
0.45000,0.23204,0.03013
0.47000,0.22210,0.03011
0.49000,0.21281,0.03008
0.51000,0.20411,0.03005
0.53000,0.19596,0.03002
0.55000,0.18832,0.03000
0.57000,0.18114,0.02997
0.59000,0.17438,0.02994
0.61000,0.16802,0.02991
0.63000,0.16203,0.02988
0.65000,0.15637,0.02986
0.67000,0.15103,0.02983
0.69000,0.14598,0.02980
0.71000,0.14121,0.02977
0.73000,0.13669,0.02975
0.75000,0.13241,0.02972
0.77000,0.12834,0.02969
0.79000,0.12449,0.02966
0.81000,0.12083,0.02964
0.83000,0.11734,0.02961
0.85000,0.11403,0.02958
0.87000,0.11088,0.02955
0.89000,0.10788,0.02953
0.91000,0.10502,0.02950
0.93000,0.10229,0.02947
0.95000,0.09969,0.02944
0.97000,0.09721,0.02942
0.99000,0.09483,0.02939
1.01000,0.09256,0.02936
1.03000,0.09039,0.02933
1.05000,0.08831,0.02931
1.07000,0.08632,0.02928
1.09000,0.08442,0.02925
1.11000,0.08259,0.02923
1.13000,0.08084,0.02920
1.15000,0.07917,0.02917
1.17000,0.07756,0.02914
1.19000,0.07601,0.02912
1.21000,0.07452,0.02909
1.23000,0.07309,0.02906
1.25000,0.07172,0.02904
1.27000,0.07040,0.02901
1.29000,0.06913,0.02898
1.31000,0.06790,0.02896
1.33000,0.06673,0.02893
1.35000,0.06559,0.02890
1.37000,0.06450,0.02888
1.39000,0.06344,0.02885
1.41000,0.06242,0.02882
1.43000,0.06144,0.02879
1.45000,0.06049,0.02877
1.47000,0.05958,0.02874
1.49000,0.05869,0.02871
1.51000,0.05784,0.02869
1.53000,0.05701,0.02866
1.55000,0.05621,0.02864
1.57000,0.05544,0.02861
1.59000,0.05470,0.02858
1.61000,0.05397,0.02856
1.63000,0.05327,0.02853
1.65000,0.05260,0.02850
1.67000,0.05194,0.02848
1.69000,0.05131,0.02845
1.71000,0.05069,0.02842
1.73000,0.05009,0.02840
1.75000,0.04951,0.02837
1.77000,0.04895,0.02834
1.79000,0.04841,0.02832
1.81000,0.04788,0.02829
1.83000,0.04736,0.02827
1.85000,0.04687,0.02824
1.87000,0.04638,0.02821
1.89000,0.04591,0.02819
1.91000,0.04545,0.02816
1.93000,0.04501,0.02813
1.95000,0.04458,0.02811
1.97000,0.04416,0.02808
1.99000,0.04375,0.02806
2.01000,0.04335,0.02803
2.03000,0.04296,0.02800
2.05000,0.04259,0.02798
2.07000,0.04222,0.02795
2.09000,0.04186,0.02793
2.11000,0.04151,0.02790
2.13000,0.04117,0.02787
2.15000,0.04084,0.02785
2.17000,0.04052,0.02782
2.19000,0.04021,0.02780
2.21000,0.03990,0.02777
2.23000,0.03960,0.02775
2.25000,0.03931,0.02772
2.27000,0.03903,0.02769
2.29000,0.03875,0.02767
2.31000,0.03848,0.02764
2.33000,0.03822,0.02762
2.35000,0.03796,0.02759
2.37000,0.03771,0.02757
2.39000,0.03747,0.02754
2.41000,0.03723,0.02751
2.43000,0.03699,0.02749
2.45000,0.03676,0.02746
2.47000,0.03654,0.02744
2.49000,0.03632,0.02741
2.51000,0.03611,0.02739
2.53000,0.03590,0.02736
2.55000,0.03570,0.02734
2.57000,0.03550,0.02731
2.59000,0.03530,0.02729
2.61000,0.03511,0.02726
2.63000,0.03492,0.02724
2.65000,0.03474,0.02721
2.67000,0.03456,0.02718
2.69000,0.03439,0.02716
2.71000,0.03422,0.02713
2.73000,0.03405,0.02711
2.75000,0.03388,0.02708
2.77000,0.03372,0.02706
2.79000,0.03356,0.02703
2.81000,0.03341,0.02701
2.83000,0.03326,0.02698
2.85000,0.03311,0.02696
2.87000,0.03297,0.02693
2.89000,0.03282,0.02691
2.91000,0.03268,0.02688
2.93000,0.03255,0.02686
2.95000,0.03241,0.02683
2.97000,0.03228,0.02681
2.99000,0.03215,0.02678
3.01000,0.03203,0.02676
3.03000,0.03190,0.02673
3.05000,0.03178,0.02671
3.07000,0.03166,0.02668
3.09000,0.03154,0.02666
3.11000,0.03143,0.02664
3.13000,0.03131,0.02661
3.15000,0.03120,0.02659
3.17000,0.03109,0.02656
3.19000,0.03098,0.02654
3.21000,0.03088,0.02651
3.23000,0.03077,0.02649
3.25000,0.03067,0.02646
3.27000,0.03057,0.02644
3.29000,0.03047,0.02641
3.31000,0.03038,0.02639
3.33000,0.03028,0.02636
3.35000,0.03019,0.02634
3.37000,0.03010,0.02632
3.39000,0.03001,0.02629
3.41000,0.02992,0.02627
3.43000,0.02983,0.02624
3.45000,0.02974,0.02622
3.47000,0.02966,0.02619
3.49000,0.02958,0.02617
3.51000,0.02950,0.02615
3.53000,0.02942,0.02612
3.55000,0.02934,0.02610
3.57000,0.02926,0.02607
3.59000,0.02918,0.02605
3.61000,0.02911,0.02602
3.63000,0.02904,0.02600
3.65000,0.02896,0.02598
3.67000,0.02889,0.02595
3.69000,0.02882,0.02593
3.71000,0.02875,0.02590
3.73000,0.02868,0.02588
3.75000,0.02861,0.02586
3.77000,0.02855,0.02583
3.79000,0.02848,0.02581
3.81000,0.02842,0.02578
3.83000,0.02835,0.02576
3.85000,0.02829,0.02574
3.87000,0.02823,0.02571
3.89000,0.02817,0.02569
3.91000,0.02811,0.02566
3.93000,0.02805,0.02564
3.95000,0.02799,0.02562
3.97000,0.02793,0.02559
3.99000,0.02787,0.02557
4.01000,0.02782,0.02555
4.03000,0.02776,0.02552
4.05000,0.02771,0.02550
4.07000,0.02765,0.02547
4.09000,0.02760,0.02545
4.11000,0.02754,0.02543
4.13000,0.02749,0.02540
4.15000,0.02744,0.02538
4.17000,0.02739,0.02536
4.19000,0.02734,0.02533
4.21000,0.02729,0.02531
4.23000,0.02724,0.02529
4.25000,0.02719,0.02526
4.27000,0.02714,0.02524
4.29000,0.02709,0.02522
4.31000,0.02705,0.02519
4.33000,0.02700,0.02517
4.35000,0.02695,0.02515
4.37000,0.02691,0.02512
4.39000,0.02686,0.02510
4.41000,0.02682,0.02508
4.43000,0.02677,0.02505
4.45000,0.02673,0.02503
4.47000,0.02668,0.02501
4.49000,0.02664,0.02498
4.51000,0.02660,0.02496
4.53000,0.02656,0.02494
4.55000,0.02652,0.02491
4.57000,0.02647,0.02489
4.59000,0.02643,0.02487
4.61000,0.02639,0.02484
4.63000,0.02635,0.02482
4.65000,0.02631,0.02480
4.67000,0.02627,0.02478
4.69000,0.02624,0.02475
4.71000,0.02620,0.02473
4.73000,0.02616,0.02471
4.75000,0.02612,0.02468
4.77000,0.02608,0.02466
4.79000,0.02605,0.02464
4.81000,0.02601,0.02461
4.83000,0.02597,0.02459
4.85000,0.02594,0.02457
4.87000,0.02590,0.02455
4.89000,0.02587,0.02452
4.91000,0.02583,0.02450
4.93000,0.02580,0.02448
4.95000,0.02576,0.02446
4.97000,0.02573,0.02443
4.99000,0.02569,0.02441
5.01000,0.02566,0.02439
5.03000,0.02563,0.02436
5.05000,0.02559,0.02434
5.07000,0.02556,0.02432
5.09000,0.02552,0.02430
5.11000,0.02549,0.02427
5.13000,0.02546,0.02425
5.15000,0.02542,0.02423
5.17000,0.02539,0.02421
5.19000,0.02536,0.02418
5.21000,0.02533,0.02416
5.23000,0.02529,0.02414
5.25000,0.02526,0.02412
5.27000,0.02523,0.02409
5.29000,0.02520,0.02407
5.31000,0.02517,0.02405
5.33000,0.02514,0.02403
5.35000,0.02510,0.02401
5.37000,0.02507,0.02398
5.39000,0.02504,0.02396
5.41000,0.02501,0.02394
5.43000,0.02498,0.02392
5.45000,0.02495,0.02389
5.47000,0.02492,0.02387
5.49000,0.02489,0.02385
5.51000,0.02486,0.02383
5.53000,0.02483,0.02381
5.55000,0.02480,0.02378
5.57000,0.02477,0.02376
5.59000,0.02475,0.02374
5.61000,0.02472,0.02372
5.63000,0.02469,0.02370
5.65000,0.02466,0.02367
5.67000,0.02463,0.02365
5.69000,0.02460,0.02363
5.71000,0.02457,0.02361
5.73000,0.02455,0.02359
5.75000,0.02452,0.02356
5.77000,0.02449,0.02354
5.79000,0.02446,0.02352
5.81000,0.02443,0.02350
5.83000,0.02441,0.02348
5.85000,0.02438,0.02345
5.87000,0.02435,0.02343
5.89000,0.02432,0.02341
5.91000,0.02430,0.02339
5.93000,0.02427,0.02337
5.95000,0.02424,0.02335
5.97000,0.02422,0.02332
5.99000,0.02419,0.02330
6.01000,0.02416,0.02328
6.03000,0.02414,0.02326
6.05000,0.02411,0.02324
6.07000,0.02408,0.02322
6.09000,0.02406,0.02320
6.11000,0.02403,0.02317
6.13000,0.02400,0.02315
6.15000,0.02398,0.02313
6.17000,0.02395,0.02311
6.19000,0.02393,0.02309
6.21000,0.02390,0.02307
6.23000,0.02387,0.02304
6.25000,0.02385,0.02302
6.27000,0.02382,0.02300
6.29000,0.02379,0.02298
6.31000,0.02377,0.02296
6.33000,0.02374,0.02294
6.35000,0.02372,0.02292
6.37000,0.02369,0.02290
6.39000,0.02366,0.02287
6.41000,0.02364,0.02285
6.43000,0.02361,0.02283
6.45000,0.02359,0.02281
6.47000,0.02356,0.02279
6.49000,0.02353,0.02277
6.51000,0.02351,0.02275
6.53000,0.02348,0.02273
6.55000,0.02346,0.02271
6.57000,0.02343,0.02268
6.59000,0.02340,0.02266
6.61000,0.02338,0.02264
6.63000,0.02335,0.02262
6.65000,0.02333,0.02260
6.67000,0.02330,0.02258
6.69000,0.02328,0.02256
6.71000,0.02325,0.02254
6.73000,0.02323,0.02252
6.75000,0.02320,0.02250
6.77000,0.02318,0.02247
6.79000,0.02315,0.02245
6.81000,0.02313,0.02243
6.83000,0.02311,0.02241
6.85000,0.02308,0.02239
6.87000,0.02306,0.02237
6.89000,0.02303,0.02235
6.91000,0.02301,0.02233
6.93000,0.02299,0.02231
6.95000,0.02296,0.02229
6.97000,0.02294,0.02227
6.99000,0.02292,0.02225
7.01000,0.02289,0.02223
7.03000,0.02287,0.02220
7.05000,0.02284,0.02218
7.07000,0.02282,0.02216
7.09000,0.02280,0.02214
7.11000,0.02277,0.02212
7.13000,0.02275,0.02210
7.15000,0.02273,0.02208
7.17000,0.02270,0.02206
7.19000,0.02268,0.02204
7.21000,0.02266,0.02202
7.23000,0.02263,0.02200
7.25000,0.02261,0.02198
7.27000,0.02259,0.02196
7.29000,0.02256,0.02194
7.31000,0.02254,0.02192
7.33000,0.02252,0.02190
7.35000,0.02250,0.02188
7.37000,0.02247,0.02186
7.39000,0.02245,0.02184
7.41000,0.02243,0.02182
7.43000,0.02241,0.02180
7.45000,0.02238,0.02178
7.47000,0.02236,0.02176
7.49000,0.02234,0.02174
7.51000,0.02231,0.02172
7.53000,0.02229,0.02170
7.55000,0.02227,0.02168
7.57000,0.02225,0.02166
7.59000,0.02222,0.02164
7.61000,0.02220,0.02162
7.63000,0.02218,0.02160
7.65000,0.02216,0.02158
7.67000,0.02214,0.02156
7.69000,0.02211,0.02154
7.71000,0.02209,0.02152
7.73000,0.02207,0.02150
7.75000,0.02205,0.02148
7.77000,0.02202,0.02146
7.79000,0.02200,0.02144
7.81000,0.02198,0.02142
7.83000,0.02196,0.02140
7.85000,0.02193,0.02138
7.87000,0.02191,0.02136
7.89000,0.02189,0.02134
7.91000,0.02187,0.02132
7.93000,0.02184,0.02130
7.95000,0.02182,0.02128
7.97000,0.02180,0.02126
7.99000,0.02178,0.02124
8.01000,0.02175,0.02122
8.03000,0.02173,0.02120
8.05000,0.02171,0.02118
8.07000,0.02169,0.02116
8.09000,0.02167,0.02114
8.11000,0.02165,0.02112
8.13000,0.02162,0.02110
8.15000,0.02160,0.02108
8.17000,0.02158,0.02106
8.19000,0.02156,0.02104
8.21000,0.02154,0.02102
8.23000,0.02151,0.02100
8.25000,0.02149,0.02098
8.27000,0.02147,0.02096
8.29000,0.02145,0.02094
8.31000,0.02143,0.02092
8.33000,0.02141,0.02090
8.35000,0.02138,0.02089
8.37000,0.02136,0.02087
8.39000,0.02134,0.02085
8.41000,0.02132,0.02083
8.43000,0.02130,0.02081
8.45000,0.02127,0.02079
8.47000,0.02125,0.02077
8.49000,0.02123,0.02075
8.51000,0.02121,0.02073
8.53000,0.02119,0.02071
8.55000,0.02117,0.02069
8.57000,0.02114,0.02067
8.59000,0.02112,0.02065
8.61000,0.02110,0.02064
8.63000,0.02108,0.02062
8.65000,0.02106,0.02060
8.67000,0.02103,0.02058
8.69000,0.02101,0.02056
8.71000,0.02099,0.02054
8.73000,0.02097,0.02052
8.75000,0.02095,0.02050
8.77000,0.02093,0.02048
8.79000,0.02091,0.02046
8.81000,0.02088,0.02044
8.83000,0.02086,0.02043
8.85000,0.02084,0.02041
8.87000,0.02082,0.02039
8.89000,0.02080,0.02037
8.91000,0.02078,0.02035
8.93000,0.02076,0.02033
8.95000,0.02073,0.02031
8.97000,0.02071,0.02029
8.99000,0.02069,0.02027
9.01000,0.02067,0.02026
9.03000,0.02065,0.02024
9.05000,0.02063,0.02022
9.07000,0.02061,0.02020
9.09000,0.02058,0.02018
9.11000,0.02056,0.02016
9.13000,0.02054,0.02014
9.15000,0.02052,0.02012
9.17000,0.02050,0.02011
9.19000,0.02048,0.02009
9.21000,0.02046,0.02007
9.23000,0.02044,0.02005
9.25000,0.02041,0.02003
9.27000,0.02039,0.02001
9.29000,0.02037,0.01999
9.31000,0.02035,0.01998
9.33000,0.02033,0.01996
9.35000,0.02031,0.01994
9.37000,0.02029,0.01992
9.39000,0.02026,0.01990
9.41000,0.02024,0.01988
9.43000,0.02022,0.01986
9.45000,0.02020,0.01985
9.47000,0.02018,0.01983
9.49000,0.02016,0.01981
9.51000,0.02014,0.01979
9.53000,0.02011,0.01977
9.55000,0.02009,0.01975
9.57000,0.02007,0.01974
9.59000,0.02005,0.01972
9.61000,0.02003,0.01970
9.63000,0.02001,0.01968
9.65000,0.01999,0.01966
9.67000,0.01997,0.01964
9.69000,0.01995,0.01963
9.71000,0.01993,0.01961
9.73000,0.01990,0.01959
9.75000,0.01988,0.01957
9.77000,0.01986,0.01955
9.79000,0.01984,0.01954
9.81000,0.01982,0.01952
9.83000,0.01980,0.01950
9.85000,0.01978,0.01948
9.87000,0.01976,0.01946
9.89000,0.01974,0.01945
9.91000,0.01972,0.01943
9.93000,0.01970,0.01941
9.95000,0.01968,0.01939
9.97000,0.01966,0.01937
9.99000,0.01964,0.01935
10.01000,0.01962,0.01934
10.03000,0.01960,0.01932
10.05000,0.01958,0.01930
10.07000,0.01956,0.01928
10.09000,0.01954,0.01927
10.11000,0.01952,0.01925
10.13000,0.01950,0.01923
10.15000,0.01948,0.01921
10.17000,0.01946,0.01919
10.19000,0.01944,0.01918
10.21000,0.01942,0.01916
10.23000,0.01940,0.01914
10.25000,0.01938,0.01912
10.27000,0.01936,0.01911
10.29000,0.01934,0.01909
10.31000,0.01932,0.01907
10.33000,0.01930,0.01905
10.35000,0.01928,0.01903
10.37000,0.01926,0.01902
10.39000,0.01924,0.01900
10.41000,0.01922,0.01898
10.43000,0.01920,0.01896
10.45000,0.01918,0.01895
10.47000,0.01916,0.01893
10.49000,0.01914,0.01891
10.51000,0.01912,0.01889
10.53000,0.01910,0.01888
10.55000,0.01908,0.01886
10.57000,0.01907,0.01884
10.59000,0.01905,0.01882
10.61000,0.01903,0.01881
10.63000,0.01901,0.01879
10.65000,0.01899,0.01877
10.67000,0.01897,0.01875
10.69000,0.01895,0.01874
10.71000,0.01893,0.01872
10.73000,0.01891,0.01870
10.75000,0.01889,0.01868
10.77000,0.01887,0.01867
10.79000,0.01885,0.01865
10.81000,0.01883,0.01863
10.83000,0.01881,0.01861
10.85000,0.01879,0.01860
10.87000,0.01878,0.01858
10.89000,0.01876,0.01856
10.91000,0.01874,0.01855
10.93000,0.01872,0.01853
10.95000,0.01870,0.01851
10.97000,0.01868,0.01849
10.99000,0.01866,0.01848
11.01000,0.01864,0.01846
11.03000,0.01862,0.01844
11.05000,0.01860,0.01843
11.07000,0.01859,0.01841
11.09000,0.01857,0.01839
11.11000,0.01855,0.01837
11.13000,0.01853,0.01836
11.15000,0.01851,0.01834
11.17000,0.01849,0.01832
11.19000,0.01847,0.01831
11.21000,0.01845,0.01829
11.23000,0.01844,0.01827
11.25000,0.01842,0.01826
11.27000,0.01840,0.01824
11.29000,0.01838,0.01822
11.31000,0.01836,0.01820
11.33000,0.01834,0.01819
11.35000,0.01833,0.01817
11.37000,0.01831,0.01815
11.39000,0.01829,0.01814
11.41000,0.01827,0.01812
11.43000,0.01825,0.01810
11.45000,0.01824,0.01809
11.47000,0.01822,0.01807
11.49000,0.01820,0.01805
11.51000,0.01818,0.01804
11.53000,0.01816,0.01802
11.55000,0.01815,0.01800
11.57000,0.01813,0.01799
11.59000,0.01811,0.01797
11.61000,0.01809,0.01795
11.63000,0.01807,0.01794
11.65000,0.01806,0.01792
11.67000,0.01804,0.01790
11.69000,0.01802,0.01789
11.71000,0.01800,0.01787
11.73000,0.01799,0.01785
11.75000,0.01797,0.01784
11.77000,0.01795,0.01782
11.79000,0.01793,0.01780
11.81000,0.01791,0.01779
11.83000,0.01790,0.01777
11.85000,0.01788,0.01775
11.87000,0.01786,0.01774
11.89000,0.01784,0.01772
11.91000,0.01783,0.01770
11.93000,0.01781,0.01769
11.95000,0.01779,0.01767
11.97000,0.01778,0.01766
11.99000,0.01776,0.01764
12.01000,0.01774,0.01762
12.03000,0.01772,0.01761
12.05000,0.01771,0.01759
12.07000,0.01769,0.01757
12.09000,0.01767,0.01756
12.11000,0.01765,0.01754
12.13000,0.01764,0.01753
12.15000,0.01762,0.01751
12.17000,0.01760,0.01749
12.19000,0.01759,0.01748
12.21000,0.01757,0.01746
12.23000,0.01755,0.01744
12.25000,0.01753,0.01743
12.27000,0.01752,0.01741
12.29000,0.01750,0.01740
12.31000,0.01748,0.01738
12.33000,0.01747,0.01736
12.35000,0.01745,0.01735
12.37000,0.01743,0.01733
12.39000,0.01742,0.01731
12.41000,0.01740,0.01730
12.43000,0.01738,0.01728
12.45000,0.01737,0.01727
12.47000,0.01735,0.01725
12.49000,0.01733,0.01723
12.51000,0.01731,0.01722
12.53000,0.01730,0.01720
12.55000,0.01728,0.01719
12.57000,0.01726,0.01717
12.59000,0.01725,0.01715
12.61000,0.01723,0.01714
12.63000,0.01721,0.01712
12.65000,0.01720,0.01711
12.67000,0.01718,0.01709
12.69000,0.01716,0.01708
12.71000,0.01715,0.01706
12.73000,0.01713,0.01704
12.75000,0.01712,0.01703
12.77000,0.01710,0.01701
12.79000,0.01708,0.01700
12.81000,0.01707,0.01698
12.83000,0.01705,0.01696
12.85000,0.01703,0.01695
12.87000,0.01702,0.01693
12.89000,0.01700,0.01692
12.91000,0.01698,0.01690
12.93000,0.01697,0.01689
12.95000,0.01695,0.01687
12.97000,0.01693,0.01686
12.99000,0.01692,0.01684
13.01000,0.01690,0.01682
13.03000,0.01689,0.01681
13.05000,0.01687,0.01679
13.07000,0.01685,0.01678
13.09000,0.01684,0.01676
13.11000,0.01682,0.01675
13.13000,0.01681,0.01673
13.15000,0.01679,0.01671
13.17000,0.01677,0.01670
13.19000,0.01676,0.01668
13.21000,0.01674,0.01667
13.23000,0.01673,0.01665
13.25000,0.01671,0.01664
13.27000,0.01669,0.01662
13.29000,0.01668,0.01661
13.31000,0.01666,0.01659
13.33000,0.01665,0.01658
13.35000,0.01663,0.01656
13.37000,0.01661,0.01655
13.39000,0.01660,0.01653
13.41000,0.01658,0.01651
13.43000,0.01657,0.01650
13.45000,0.01655,0.01648
13.47000,0.01653,0.01647
13.49000,0.01652,0.01645
13.51000,0.01650,0.01644
13.53000,0.01649,0.01642
13.55000,0.01647,0.01641
13.57000,0.01645,0.01639
13.59000,0.01644,0.01638
13.61000,0.01642,0.01636
13.63000,0.01641,0.01635
13.65000,0.01639,0.01633
13.67000,0.01637,0.01632
13.69000,0.01636,0.01630
13.71000,0.01634,0.01629
13.73000,0.01633,0.01627
13.75000,0.01631,0.01626
13.77000,0.01629,0.01624
13.79000,0.01628,0.01623
13.81000,0.01626,0.01621
13.83000,0.01625,0.01620
13.85000,0.01623,0.01618
13.87000,0.01622,0.01617
13.89000,0.01620,0.01615
13.91000,0.01618,0.01614
13.93000,0.01617,0.01612
13.95000,0.01615,0.01611
13.97000,0.01614,0.01609
13.99000,0.01612,0.01608
14.01000,0.01610,0.01606
14.03000,0.01609,0.01605
14.05000,0.01607,0.01603
14.07000,0.01606,0.01602
14.09000,0.01604,0.01600
14.11000,0.01602,0.01599
14.13000,0.01601,0.01597
14.15000,0.01599,0.01596
14.17000,0.01598,0.01594
14.19000,0.01596,0.01593
14.21000,0.01595,0.01591
14.23000,0.01593,0.01590
14.25000,0.01591,0.01588
14.27000,0.01590,0.01587
14.29000,0.01588,0.01585
14.31000,0.01587,0.01584
14.33000,0.01585,0.01582
14.35000,0.01584,0.01581
14.37000,0.01582,0.01579
14.39000,0.01581,0.01578
14.41000,0.01579,0.01577
14.43000,0.01577,0.01575
14.45000,0.01576,0.01574
14.47000,0.01574,0.01572
14.49000,0.01573,0.01571
14.51000,0.01571,0.01569
14.53000,0.01570,0.01568
14.55000,0.01568,0.01566
14.57000,0.01567,0.01565
14.59000,0.01565,0.01563
14.61000,0.01564,0.01562
14.63000,0.01562,0.01561
14.65000,0.01561,0.01559
14.67000,0.01559,0.01558
14.69000,0.01558,0.01556
14.71000,0.01556,0.01555
14.73000,0.01554,0.01553
14.75000,0.01553,0.01552
14.77000,0.01551,0.01550
14.79000,0.01550,0.01549
14.81000,0.01548,0.01548
14.83000,0.01547,0.01546
14.85000,0.01545,0.01545
14.87000,0.01544,0.01543
14.89000,0.01542,0.01542
14.91000,0.01541,0.01540
14.93000,0.01539,0.01539
14.95000,0.01538,0.01538
14.97000,0.01536,0.01536
14.99000,0.01535,0.01535
15.01000,0.01533,0.01533
15.03000,0.01532,0.01532
15.05000,0.01530,0.01530
15.07000,0.01529,0.01529
15.09000,0.01528,0.01528
15.11000,0.01526,0.01526
15.13000,0.01525,0.01525
15.15000,0.01523,0.01523
15.17000,0.01522,0.01522
15.19000,0.01520,0.01521
15.21000,0.01519,0.01519
15.23000,0.01517,0.01518
15.25000,0.01516,0.01516
15.27000,0.01514,0.01515
15.29000,0.01513,0.01513
15.31000,0.01511,0.01512
15.33000,0.01510,0.01511
15.35000,0.01508,0.01509
15.37000,0.01507,0.01508
15.39000,0.01505,0.01506
15.41000,0.01504,0.01505
15.43000,0.01502,0.01504
15.45000,0.01501,0.01502
15.47000,0.01499,0.01501
15.49000,0.01498,0.01499
15.51000,0.01496,0.01498
15.53000,0.01495,0.01497
15.55000,0.01493,0.01495
15.57000,0.01492,0.01494
15.59000,0.01490,0.01493
15.61000,0.01489,0.01491
15.63000,0.01488,0.01490
15.65000,0.01486,0.01488
15.67000,0.01485,0.01487
15.69000,0.01483,0.01486
15.71000,0.01482,0.01484
15.73000,0.01480,0.01483
15.75000,0.01479,0.01482
15.77000,0.01478,0.01480
15.79000,0.01476,0.01479
15.81000,0.01475,0.01477
15.83000,0.01473,0.01476
15.85000,0.01472,0.01475
15.87000,0.01470,0.01473
15.89000,0.01469,0.01472
15.91000,0.01468,0.01471
15.93000,0.01466,0.01469
15.95000,0.01465,0.01468
15.97000,0.01463,0.01466
15.99000,0.01462,0.01465
16.01000,0.01460,0.01464
16.03000,0.01459,0.01462
16.05000,0.01458,0.01461
16.07000,0.01456,0.01460
16.09000,0.01455,0.01458
16.11000,0.01453,0.01457
16.13000,0.01452,0.01456
16.15000,0.01450,0.01454
16.17000,0.01449,0.01453
16.19000,0.01448,0.01452
16.21000,0.01446,0.01450
16.23000,0.01445,0.01449
16.25000,0.01444,0.01448
16.27000,0.01442,0.01446
16.29000,0.01441,0.01445
16.31000,0.01439,0.01443
16.33000,0.01438,0.01442
16.35000,0.01437,0.01441
16.37000,0.01435,0.01439
16.39000,0.01434,0.01438
16.41000,0.01433,0.01437
16.43000,0.01431,0.01435
16.45000,0.01430,0.01434
16.47000,0.01429,0.01433
16.49000,0.01427,0.01431
16.51000,0.01426,0.01430
16.53000,0.01425,0.01429
16.55000,0.01423,0.01428
16.57000,0.01422,0.01426
16.59000,0.01420,0.01425
16.61000,0.01419,0.01424
16.63000,0.01418,0.01422
16.65000,0.01416,0.01421
16.67000,0.01415,0.01420
16.69000,0.01414,0.01418
16.71000,0.01412,0.01417
16.73000,0.01411,0.01416
16.75000,0.01410,0.01414
16.77000,0.01408,0.01413
16.79000,0.01407,0.01412
16.81000,0.01406,0.01410
16.83000,0.01405,0.01409
16.85000,0.01403,0.01408
16.87000,0.01402,0.01406
16.89000,0.01401,0.01405
16.91000,0.01399,0.01404
16.93000,0.01398,0.01403
16.95000,0.01397,0.01401
16.97000,0.01395,0.01400
16.99000,0.01394,0.01399
17.01000,0.01393,0.01397
17.03000,0.01392,0.01396
17.05000,0.01390,0.01395
17.07000,0.01389,0.01393
17.09000,0.01388,0.01392
17.11000,0.01386,0.01391
17.13000,0.01385,0.01390
17.15000,0.01384,0.01388
17.17000,0.01382,0.01387
17.19000,0.01381,0.01386
17.21000,0.01380,0.01384
17.23000,0.01379,0.01383
17.25000,0.01377,0.01382
17.27000,0.01376,0.01381
17.29000,0.01375,0.01379
17.31000,0.01374,0.01378
17.33000,0.01372,0.01377
17.35000,0.01371,0.01375
17.37000,0.01370,0.01374
17.39000,0.01368,0.01373
17.41000,0.01367,0.01372
17.43000,0.01366,0.01370
17.45000,0.01365,0.01369
17.47000,0.01363,0.01368
17.49000,0.01362,0.01367
17.51000,0.01361,0.01365
17.53000,0.01360,0.01364
17.55000,0.01358,0.01363
17.57000,0.01357,0.01362
17.59000,0.01356,0.01360
17.61000,0.01355,0.01359
17.63000,0.01353,0.01358
17.65000,0.01352,0.01356
17.67000,0.01351,0.01355
17.69000,0.01350,0.01354
17.71000,0.01349,0.01353
17.73000,0.01347,0.01351
17.75000,0.01346,0.01350
17.77000,0.01345,0.01349
17.79000,0.01344,0.01348
17.81000,0.01342,0.01346
17.83000,0.01341,0.01345
17.85000,0.01340,0.01344
17.87000,0.01339,0.01343
17.89000,0.01338,0.01341
17.91000,0.01336,0.01340
17.93000,0.01335,0.01339
17.95000,0.01334,0.01338
17.97000,0.01333,0.01336
17.99000,0.01331,0.01335
18.01000,0.01330,0.01334
18.03000,0.01329,0.01333
18.05000,0.01328,0.01332
18.07000,0.01327,0.01330
18.09000,0.01325,0.01329
18.11000,0.01324,0.01328
18.13000,0.01323,0.01327
18.15000,0.01322,0.01325
18.17000,0.01321,0.01324
18.19000,0.01319,0.01323
18.21000,0.01318,0.01322
18.23000,0.01317,0.01320
18.25000,0.01316,0.01319
18.27000,0.01315,0.01318
18.29000,0.01313,0.01317
18.31000,0.01312,0.01316
18.33000,0.01311,0.01314
18.35000,0.01310,0.01313
18.37000,0.01309,0.01312
18.39000,0.01307,0.01311
18.41000,0.01306,0.01309
18.43000,0.01305,0.01308
18.45000,0.01304,0.01307
18.47000,0.01303,0.01306
18.49000,0.01302,0.01305
18.51000,0.01300,0.01303
18.53000,0.01299,0.01302
18.55000,0.01298,0.01301
18.57000,0.01297,0.01300
18.59000,0.01296,0.01299
18.61000,0.01295,0.01297
18.63000,0.01293,0.01296
18.65000,0.01292,0.01295
18.67000,0.01291,0.01294
18.69000,0.01290,0.01293
18.71000,0.01289,0.01291
18.73000,0.01288,0.01290
18.75000,0.01286,0.01289
18.77000,0.01285,0.01288
18.79000,0.01284,0.01287
18.81000,0.01283,0.01285
18.83000,0.01282,0.01284
18.85000,0.01281,0.01283
18.87000,0.01279,0.01282
18.89000,0.01278,0.01281
18.91000,0.01277,0.01279
18.93000,0.01276,0.01278
18.95000,0.01275,0.01277
18.97000,0.01274,0.01276
18.99000,0.01273,0.01275
19.01000,0.01271,0.01273
19.03000,0.01270,0.01272
19.05000,0.01269,0.01271
19.07000,0.01268,0.01270
19.09000,0.01267,0.01269
19.11000,0.01266,0.01268
19.13000,0.01265,0.01266
19.15000,0.01263,0.01265
19.17000,0.01262,0.01264
19.19000,0.01261,0.01263
19.21000,0.01260,0.01262
19.23000,0.01259,0.01261
19.25000,0.01258,0.01259
19.27000,0.01257,0.01258
19.29000,0.01256,0.01257
19.31000,0.01254,0.01256
19.33000,0.01253,0.01255
19.35000,0.01252,0.01254
19.37000,0.01251,0.01252
19.39000,0.01250,0.01251
19.41000,0.01249,0.01250
19.43000,0.01248,0.01249
19.45000,0.01247,0.01248
19.47000,0.01245,0.01247
19.49000,0.01244,0.01245
19.51000,0.01243,0.01244
19.53000,0.01242,0.01243
19.55000,0.01241,0.01242
19.57000,0.01240,0.01241
19.59000,0.01239,0.01240
19.61000,0.01238,0.01239
19.63000,0.01236,0.01237
19.65000,0.01235,0.01236
19.67000,0.01234,0.01235
19.69000,0.01233,0.01234
19.71000,0.01232,0.01233
19.73000,0.01231,0.01232
19.75000,0.01230,0.01231
19.77000,0.01229,0.01229
19.79000,0.01228,0.01228
19.81000,0.01227,0.01227
19.83000,0.01225,0.01226
19.85000,0.01224,0.01225
19.87000,0.01223,0.01224
19.89000,0.01222,0.01223
19.91000,0.01221,0.01221
19.93000,0.01220,0.01220
19.95000,0.01219,0.01219
19.97000,0.01218,0.01218
19.99000,0.01217,0.01217
20.01000,0.01216,0.01216
20.03000,0.01214,0.01215
20.05000,0.01213,0.01213
20.07000,0.01212,0.01212
20.09000,0.01211,0.01211
20.11000,0.01210,0.01210
20.13000,0.01209,0.01209
20.15000,0.01208,0.01208
20.17000,0.01207,0.01207
20.19000,0.01206,0.01206
20.21000,0.01205,0.01205
20.23000,0.01204,0.01203
20.25000,0.01203,0.01202
20.27000,0.01202,0.01201
20.29000,0.01201,0.01200
20.31000,0.01200,0.01199
20.33000,0.01198,0.01198
20.35000,0.01197,0.01197
20.37000,0.01196,0.01196
20.39000,0.01195,0.01194
20.41000,0.01194,0.01193
20.43000,0.01193,0.01192
20.45000,0.01192,0.01191
20.47000,0.01191,0.01190
20.49000,0.01190,0.01189
20.51000,0.01189,0.01188
20.53000,0.01188,0.01187
20.55000,0.01187,0.01186
20.57000,0.01186,0.01185
20.59000,0.01185,0.01183
20.61000,0.01184,0.01182
20.63000,0.01183,0.01181
20.65000,0.01181,0.01180
20.67000,0.01180,0.01179
20.69000,0.01179,0.01178
20.71000,0.01178,0.01177
20.73000,0.01177,0.01176
20.75000,0.01176,0.01175
20.77000,0.01175,0.01174
20.79000,0.01174,0.01173
20.81000,0.01173,0.01171
20.83000,0.01172,0.01170
20.85000,0.01171,0.01169
20.87000,0.01170,0.01168
20.89000,0.01169,0.01167
20.91000,0.01168,0.01166
20.93000,0.01167,0.01165
20.95000,0.01166,0.01164
20.97000,0.01165,0.01163
20.99000,0.01164,0.01162
21.01000,0.01163,0.01161
21.03000,0.01161,0.01160
21.05000,0.01160,0.01158
21.07000,0.01159,0.01157
21.09000,0.01158,0.01156
21.11000,0.01157,0.01155
21.13000,0.01156,0.01154
21.15000,0.01155,0.01153
21.17000,0.01154,0.01152
21.19000,0.01153,0.01151
21.21000,0.01152,0.01150
21.23000,0.01151,0.01149
21.25000,0.01150,0.01148
21.27000,0.01149,0.01147
21.29000,0.01148,0.01146
21.31000,0.01147,0.01145
21.33000,0.01146,0.01144
21.35000,0.01145,0.01142
21.37000,0.01144,0.01141
21.39000,0.01143,0.01140
21.41000,0.01142,0.01139
21.43000,0.01141,0.01138
21.45000,0.01140,0.01137
21.47000,0.01139,0.01136
21.49000,0.01138,0.01135
21.51000,0.01137,0.01134
21.53000,0.01136,0.01133
21.55000,0.01135,0.01132
21.57000,0.01134,0.01131
21.59000,0.01133,0.01130
21.61000,0.01132,0.01129
21.63000,0.01131,0.01128
21.65000,0.01130,0.01127
21.67000,0.01129,0.01126
21.69000,0.01128,0.01125
21.71000,0.01127,0.01124
21.73000,0.01126,0.01122
21.75000,0.01125,0.01121
21.77000,0.01124,0.01120
21.79000,0.01123,0.01119
21.81000,0.01122,0.01118
21.83000,0.01121,0.01117
21.85000,0.01120,0.01116
21.87000,0.01119,0.01115
21.89000,0.01118,0.01114
21.91000,0.01117,0.01113
21.93000,0.01116,0.01112
21.95000,0.01115,0.01111
21.97000,0.01114,0.01110
21.99000,0.01113,0.01109
22.01000,0.01112,0.01108
22.03000,0.01111,0.01107
22.05000,0.01110,0.01106
22.07000,0.01109,0.01105
22.09000,0.01108,0.01104
22.11000,0.01107,0.01103
22.13000,0.01106,0.01102
22.15000,0.01105,0.01101
22.17000,0.01104,0.01100
22.19000,0.01103,0.01099
22.21000,0.01102,0.01098
22.23000,0.01101,0.01097
22.25000,0.01100,0.01096
22.27000,0.01099,0.01095
22.29000,0.01098,0.01094
22.31000,0.01097,0.01093
22.33000,0.01096,0.01092
22.35000,0.01095,0.01091
22.37000,0.01094,0.01090
22.39000,0.01093,0.01089
22.41000,0.01092,0.01088
22.43000,0.01091,0.01087
22.45000,0.01090,0.01086
22.47000,0.01089,0.01085
22.49000,0.01088,0.01084
22.51000,0.01087,0.01083
22.53000,0.01086,0.01082
22.55000,0.01085,0.01081
22.57000,0.01084,0.01080
22.59000,0.01083,0.01079
22.61000,0.01082,0.01078
22.63000,0.01081,0.01077
22.65000,0.01080,0.01076
22.67000,0.01079,0.01075
22.69000,0.01078,0.01074
22.71000,0.01077,0.01073
22.73000,0.01076,0.01072
22.75000,0.01075,0.01071
22.77000,0.01074,0.01070
22.79000,0.01073,0.01069
22.81000,0.01072,0.01068
22.83000,0.01071,0.01067
22.85000,0.01070,0.01066
22.87000,0.01069,0.01065
22.89000,0.01068,0.01064
22.91000,0.01068,0.01063
22.93000,0.01067,0.01062
22.95000,0.01066,0.01061
22.97000,0.01065,0.01060
22.99000,0.01064,0.01059
23.01000,0.01063,0.01058
23.03000,0.01062,0.01057
23.05000,0.01061,0.01056
23.07000,0.01060,0.01055
23.09000,0.01059,0.01054
23.11000,0.01058,0.01053
23.13000,0.01057,0.01052
23.15000,0.01056,0.01051
23.17000,0.01055,0.01050
23.19000,0.01054,0.01049
23.21000,0.01053,0.01048
23.23000,0.01052,0.01047
23.25000,0.01051,0.01046
23.27000,0.01050,0.01045
23.29000,0.01049,0.01044
23.31000,0.01048,0.01043
23.33000,0.01048,0.01042
23.35000,0.01047,0.01041
23.37000,0.01046,0.01040
23.39000,0.01045,0.01039
23.41000,0.01044,0.01038
23.43000,0.01043,0.01037
23.45000,0.01042,0.01036
23.47000,0.01041,0.01035
23.49000,0.01040,0.01034
23.51000,0.01039,0.01033
23.53000,0.01038,0.01033
23.55000,0.01037,0.01032
23.57000,0.01036,0.01031
23.59000,0.01035,0.01030
23.61000,0.01034,0.01029
23.63000,0.01033,0.01028
23.65000,0.01032,0.01027
23.67000,0.01032,0.01026
23.69000,0.01031,0.01025
23.71000,0.01030,0.01024
23.73000,0.01029,0.01023
23.75000,0.01028,0.01022
23.77000,0.01027,0.01021
23.79000,0.01026,0.01020
23.81000,0.01025,0.01019
23.83000,0.01024,0.01018
23.85000,0.01023,0.01017
23.87000,0.01022,0.01016
23.89000,0.01021,0.01015
23.91000,0.01020,0.01014
23.93000,0.01019,0.01014
23.95000,0.01018,0.01013
23.97000,0.01017,0.01012
23.99000,0.01017,0.01011
24.01000,0.01016,0.01010
24.03000,0.01015,0.01009
24.05000,0.01014,0.01008
24.07000,0.01013,0.01007
24.09000,0.01012,0.01006
24.11000,0.01011,0.01005
24.13000,0.01010,0.01004
24.15000,0.01009,0.01003
24.17000,0.01008,0.01002
24.19000,0.01007,0.01001
24.21000,0.01006,0.01000
24.23000,0.01005,0.01000
24.25000,0.01004,0.00999
24.27000,0.01004,0.00998
24.29000,0.01003,0.00997
24.31000,0.01002,0.00996
24.33000,0.01001,0.00995
24.35000,0.01000,0.00994
24.37000,0.00999,0.00993
24.39000,0.00998,0.00992
24.41000,0.00997,0.00991
24.43000,0.00996,0.00990
24.45000,0.00995,0.00989
24.47000,0.00994,0.00988
24.49000,0.00993,0.00988
24.51000,0.00992,0.00987
24.53000,0.00991,0.00986
24.55000,0.00991,0.00985
24.57000,0.00990,0.00984
24.59000,0.00989,0.00983
24.61000,0.00988,0.00982
24.63000,0.00987,0.00981
24.65000,0.00986,0.00980
24.67000,0.00985,0.00979
24.69000,0.00984,0.00978
24.71000,0.00983,0.00977
24.73000,0.00982,0.00977
24.75000,0.00981,0.00976
24.77000,0.00980,0.00975
24.79000,0.00979,0.00974
24.81000,0.00979,0.00973
24.83000,0.00978,0.00972
24.85000,0.00977,0.00971
24.87000,0.00976,0.00970
24.89000,0.00975,0.00969
24.91000,0.00974,0.00968
24.93000,0.00973,0.00968
24.95000,0.00972,0.00967
24.97000,0.00971,0.00966
24.99000,0.00970,0.00965
25.01000,0.00970,0.00964
25.03000,0.00969,0.00963
25.05000,0.00968,0.00962
25.07000,0.00967,0.00961
25.09000,0.00966,0.00960
25.11000,0.00965,0.00960
25.13000,0.00964,0.00959
25.15000,0.00963,0.00958
25.17000,0.00962,0.00957
25.19000,0.00961,0.00956
25.21000,0.00960,0.00955
25.23000,0.00959,0.00954
25.25000,0.00959,0.00953
25.27000,0.00958,0.00952
25.29000,0.00957,0.00952
25.31000,0.00956,0.00951
25.33000,0.00955,0.00950
25.35000,0.00954,0.00949
25.37000,0.00953,0.00948
25.39000,0.00952,0.00947
25.41000,0.00951,0.00946
25.43000,0.00950,0.00945
25.45000,0.00950,0.00944
25.47000,0.00949,0.00944
25.49000,0.00948,0.00943
25.51000,0.00947,0.00942
25.53000,0.00946,0.00941
25.55000,0.00945,0.00940
25.57000,0.00944,0.00939
25.59000,0.00943,0.00938
25.61000,0.00942,0.00938
25.63000,0.00942,0.00937
25.65000,0.00941,0.00936
25.67000,0.00940,0.00935
25.69000,0.00939,0.00934
25.71000,0.00938,0.00933
25.73000,0.00937,0.00932
25.75000,0.00936,0.00931
25.77000,0.00935,0.00931
25.79000,0.00934,0.00930
25.81000,0.00934,0.00929
25.83000,0.00933,0.00928
25.85000,0.00932,0.00927
25.87000,0.00931,0.00926
25.89000,0.00930,0.00925
25.91000,0.00929,0.00925
25.93000,0.00928,0.00924
25.95000,0.00927,0.00923
25.97000,0.00926,0.00922
25.99000,0.00926,0.00921
26.01000,0.00925,0.00920
26.03000,0.00924,0.00919
26.05000,0.00923,0.00919
26.07000,0.00922,0.00918
26.09000,0.00921,0.00917
26.11000,0.00920,0.00916
26.13000,0.00919,0.00915
26.15000,0.00918,0.00914
26.17000,0.00918,0.00913
26.19000,0.00917,0.00913
26.21000,0.00916,0.00912
26.23000,0.00915,0.00911
26.25000,0.00914,0.00910
26.27000,0.00913,0.00909
26.29000,0.00912,0.00908
26.31000,0.00912,0.00908
26.33000,0.00911,0.00907
26.35000,0.00910,0.00906
26.37000,0.00909,0.00905
26.39000,0.00908,0.00904
26.41000,0.00907,0.00903
26.43000,0.00906,0.00903
26.45000,0.00906,0.00902
26.47000,0.00905,0.00901
26.49000,0.00904,0.00900
26.51000,0.00903,0.00899
26.53000,0.00902,0.00898
26.55000,0.00901,0.00897
26.57000,0.00901,0.00897
26.59000,0.00900,0.00896
26.61000,0.00899,0.00895
26.63000,0.00898,0.00894
26.65000,0.00897,0.00893
26.67000,0.00896,0.00893
26.69000,0.00895,0.00892
26.71000,0.00895,0.00891
26.73000,0.00894,0.00890
26.75000,0.00893,0.00889
26.77000,0.00892,0.00888
26.79000,0.00891,0.00888
26.81000,0.00890,0.00887
26.83000,0.00889,0.00886
26.85000,0.00889,0.00885
26.87000,0.00888,0.00884
26.89000,0.00887,0.00883
26.91000,0.00886,0.00883
26.93000,0.00885,0.00882
26.95000,0.00884,0.00881
26.97000,0.00883,0.00880
26.99000,0.00883,0.00879
27.01000,0.00882,0.00879
27.03000,0.00881,0.00878
27.05000,0.00880,0.00877
27.07000,0.00879,0.00876
27.09000,0.00878,0.00875
27.11000,0.00878,0.00874
27.13000,0.00877,0.00874
27.15000,0.00876,0.00873
27.17000,0.00875,0.00872
27.19000,0.00874,0.00871
27.21000,0.00873,0.00870
27.23000,0.00873,0.00870
27.25000,0.00872,0.00869
27.27000,0.00871,0.00868
27.29000,0.00870,0.00867
27.31000,0.00869,0.00866
27.33000,0.00869,0.00866
27.35000,0.00868,0.00865
27.37000,0.00867,0.00864
27.39000,0.00866,0.00863
27.41000,0.00865,0.00862
27.43000,0.00864,0.00862
27.45000,0.00864,0.00861
27.47000,0.00863,0.00860
27.49000,0.00862,0.00859
27.51000,0.00861,0.00858
27.53000,0.00860,0.00858
27.55000,0.00859,0.00857
27.57000,0.00859,0.00856
27.59000,0.00858,0.00855
27.61000,0.00857,0.00854
27.63000,0.00856,0.00854
27.65000,0.00855,0.00853
27.67000,0.00855,0.00852
27.69000,0.00854,0.00851
27.71000,0.00853,0.00850
27.73000,0.00852,0.00850
27.75000,0.00851,0.00849
27.77000,0.00851,0.00848
27.79000,0.00850,0.00847
27.81000,0.00849,0.00847
27.83000,0.00848,0.00846
27.85000,0.00847,0.00845
27.87000,0.00846,0.00844
27.89000,0.00846,0.00843
27.91000,0.00845,0.00843
27.93000,0.00844,0.00842
27.95000,0.00843,0.00841
27.97000,0.00842,0.00840
27.99000,0.00842,0.00839
28.01000,0.00841,0.00839
28.03000,0.00840,0.00838
28.05000,0.00839,0.00837
28.07000,0.00838,0.00836
28.09000,0.00838,0.00836
28.11000,0.00837,0.00835
28.13000,0.00836,0.00834
28.15000,0.00835,0.00833
28.17000,0.00834,0.00832
28.19000,0.00834,0.00832
28.21000,0.00833,0.00831
28.23000,0.00832,0.00830
28.25000,0.00831,0.00829
28.27000,0.00830,0.00829
28.29000,0.00830,0.00828
28.31000,0.00829,0.00827
28.33000,0.00828,0.00826
28.35000,0.00827,0.00826
28.37000,0.00826,0.00825
28.39000,0.00826,0.00824
28.41000,0.00825,0.00823
28.43000,0.00824,0.00823
28.45000,0.00823,0.00822
28.47000,0.00822,0.00821
28.49000,0.00822,0.00820
28.51000,0.00821,0.00819
28.53000,0.00820,0.00819
28.55000,0.00819,0.00818
28.57000,0.00818,0.00817
28.59000,0.00818,0.00816
28.61000,0.00817,0.00816
28.63000,0.00816,0.00815
28.65000,0.00815,0.00814
28.67000,0.00815,0.00813
28.69000,0.00814,0.00813
28.71000,0.00813,0.00812
28.73000,0.00812,0.00811
28.75000,0.00811,0.00810
28.77000,0.00811,0.00810
28.79000,0.00810,0.00809
28.81000,0.00809,0.00808
28.83000,0.00808,0.00807
28.85000,0.00807,0.00807
28.87000,0.00807,0.00806
28.89000,0.00806,0.00805
28.91000,0.00805,0.00804
28.93000,0.00804,0.00804
28.95000,0.00804,0.00803
28.97000,0.00803,0.00802
28.99000,0.00802,0.00801
29.01000,0.00801,0.00801
29.03000,0.00800,0.00800
29.05000,0.00800,0.00799
29.07000,0.00799,0.00798
29.09000,0.00798,0.00798
29.11000,0.00797,0.00797
29.13000,0.00797,0.00796
29.15000,0.00796,0.00795
29.17000,0.00795,0.00795
29.19000,0.00794,0.00794
29.21000,0.00794,0.00793
29.23000,0.00793,0.00793
29.25000,0.00792,0.00792
29.27000,0.00791,0.00791
29.29000,0.00791,0.00790
29.31000,0.00790,0.00790
29.33000,0.00789,0.00789
29.35000,0.00788,0.00788
29.37000,0.00788,0.00787
29.39000,0.00787,0.00787
29.41000,0.00786,0.00786
29.43000,0.00785,0.00785
29.45000,0.00785,0.00784
29.47000,0.00784,0.00784
29.49000,0.00783,0.00783
29.51000,0.00782,0.00782
29.53000,0.00782,0.00782
29.55000,0.00781,0.00781
29.57000,0.00780,0.00780
29.59000,0.00779,0.00779
29.61000,0.00779,0.00779
29.63000,0.00778,0.00778
29.65000,0.00777,0.00777
29.67000,0.00776,0.00777
29.69000,0.00776,0.00776
29.71000,0.00775,0.00775
29.73000,0.00774,0.00774
29.75000,0.00773,0.00774
29.77000,0.00773,0.00773
29.79000,0.00772,0.00772
29.81000,0.00771,0.00771
29.83000,0.00771,0.00771
29.85000,0.00770,0.00770
29.87000,0.00769,0.00769
29.89000,0.00768,0.00769
29.91000,0.00768,0.00768
29.93000,0.00767,0.00767
29.95000,0.00766,0.00766
29.97000,0.00765,0.00766
29.99000,0.00765,0.00765
30.01000,0.00764,0.00764
30.03000,0.00763,0.00764
30.05000,0.00762,0.00763
30.07000,0.00762,0.00762
30.09000,0.00761,0.00762
30.11000,0.00760,0.00761
30.13000,0.00760,0.00760
30.15000,0.00759,0.00759
30.17000,0.00758,0.00759
30.19000,0.00757,0.00758
30.21000,0.00757,0.00757
30.23000,0.00756,0.00757
30.25000,0.00755,0.00756
30.27000,0.00754,0.00755
30.29000,0.00754,0.00754
30.31000,0.00753,0.00754
30.33000,0.00752,0.00753
30.35000,0.00752,0.00752
30.37000,0.00751,0.00752
30.39000,0.00750,0.00751
30.41000,0.00749,0.00750
30.43000,0.00749,0.00750
30.45000,0.00748,0.00749
30.47000,0.00747,0.00748
30.49000,0.00747,0.00748
30.51000,0.00746,0.00747
30.53000,0.00745,0.00746
30.55000,0.00744,0.00745
30.57000,0.00744,0.00745
30.59000,0.00743,0.00744
30.61000,0.00742,0.00743
30.63000,0.00742,0.00743
30.65000,0.00741,0.00742
30.67000,0.00740,0.00741
30.69000,0.00740,0.00741
30.71000,0.00739,0.00740
30.73000,0.00738,0.00739
30.75000,0.00737,0.00739
30.77000,0.00737,0.00738
30.79000,0.00736,0.00737
30.81000,0.00735,0.00736
30.83000,0.00735,0.00736
30.85000,0.00734,0.00735
30.87000,0.00733,0.00734
30.89000,0.00733,0.00734
30.91000,0.00732,0.00733
30.93000,0.00731,0.00732
30.95000,0.00730,0.00732
30.97000,0.00730,0.00731
30.99000,0.00729,0.00730
31.01000,0.00728,0.00730
31.03000,0.00728,0.00729
31.05000,0.00727,0.00728
31.07000,0.00726,0.00728
31.09000,0.00726,0.00727
31.11000,0.00725,0.00726
31.13000,0.00724,0.00726
31.15000,0.00724,0.00725
31.17000,0.00723,0.00724
31.19000,0.00722,0.00724
31.21000,0.00722,0.00723
31.23000,0.00721,0.00722
31.25000,0.00720,0.00722
31.27000,0.00720,0.00721
31.29000,0.00719,0.00720
31.31000,0.00718,0.00720
31.33000,0.00717,0.00719
31.35000,0.00717,0.00718
31.37000,0.00716,0.00718
31.39000,0.00715,0.00717
31.41000,0.00715,0.00716
31.43000,0.00714,0.00716
31.45000,0.00713,0.00715
31.47000,0.00713,0.00714
31.49000,0.00712,0.00714
31.51000,0.00711,0.00713
31.53000,0.00711,0.00712
31.55000,0.00710,0.00712
31.57000,0.00709,0.00711
31.59000,0.00709,0.00710
31.61000,0.00708,0.00710
31.63000,0.00707,0.00709
31.65000,0.00707,0.00708
31.67000,0.00706,0.00708
31.69000,0.00705,0.00707
31.71000,0.00705,0.00706
31.73000,0.00704,0.00706
31.75000,0.00703,0.00705
31.77000,0.00703,0.00704
31.79000,0.00702,0.00704
31.81000,0.00701,0.00703
31.83000,0.00701,0.00702
31.85000,0.00700,0.00702
31.87000,0.00699,0.00701
31.89000,0.00699,0.00700
31.91000,0.00698,0.00700
31.93000,0.00697,0.00699
31.95000,0.00697,0.00699
31.97000,0.00696,0.00698
31.99000,0.00695,0.00697
32.01000,0.00695,0.00697
32.03000,0.00694,0.00696
32.05000,0.00694,0.00695
32.07000,0.00693,0.00695
32.09000,0.00692,0.00694
32.11000,0.00692,0.00693
32.13000,0.00691,0.00693
32.15000,0.00690,0.00692
32.17000,0.00690,0.00691
32.19000,0.00689,0.00691
32.21000,0.00688,0.00690
32.23000,0.00688,0.00690
32.25000,0.00687,0.00689
32.27000,0.00686,0.00688
32.29000,0.00686,0.00688
32.31000,0.00685,0.00687
32.33000,0.00684,0.00686
32.35000,0.00684,0.00686
32.37000,0.00683,0.00685
32.39000,0.00683,0.00684
32.41000,0.00682,0.00684
32.43000,0.00681,0.00683
32.45000,0.00681,0.00683
32.47000,0.00680,0.00682
32.49000,0.00679,0.00681
32.51000,0.00679,0.00681
32.53000,0.00678,0.00680
32.55000,0.00677,0.00679
32.57000,0.00677,0.00679
32.59000,0.00676,0.00678
32.61000,0.00676,0.00677
32.63000,0.00675,0.00677
32.65000,0.00674,0.00676
32.67000,0.00674,0.00676
32.69000,0.00673,0.00675
32.71000,0.00672,0.00674
32.73000,0.00672,0.00674
32.75000,0.00671,0.00673
32.77000,0.00671,0.00672
32.79000,0.00670,0.00672
32.81000,0.00669,0.00671
32.83000,0.00669,0.00671
32.85000,0.00668,0.00670
32.87000,0.00667,0.00669
32.89000,0.00667,0.00669
32.91000,0.00666,0.00668
32.93000,0.00666,0.00667
32.95000,0.00665,0.00667
32.97000,0.00664,0.00666
32.99000,0.00664,0.00666
33.01000,0.00663,0.00665
33.03000,0.00662,0.00664
33.05000,0.00662,0.00664
33.07000,0.00661,0.00663
33.09000,0.00661,0.00663
33.11000,0.00660,0.00662
33.13000,0.00659,0.00661
33.15000,0.00659,0.00661
33.17000,0.00658,0.00660
33.19000,0.00658,0.00659
33.21000,0.00657,0.00659
33.23000,0.00656,0.00658
33.25000,0.00656,0.00658
33.27000,0.00655,0.00657
33.29000,0.00654,0.00656
33.31000,0.00654,0.00656
33.33000,0.00653,0.00655
33.35000,0.00653,0.00655
33.37000,0.00652,0.00654
33.39000,0.00651,0.00653
33.41000,0.00651,0.00653
33.43000,0.00650,0.00652
33.45000,0.00650,0.00652
33.47000,0.00649,0.00651
33.49000,0.00648,0.00650
33.51000,0.00648,0.00650
33.53000,0.00647,0.00649
33.55000,0.00647,0.00649
33.57000,0.00646,0.00648
33.59000,0.00645,0.00647
33.61000,0.00645,0.00647
33.63000,0.00644,0.00646
33.65000,0.00644,0.00646
33.67000,0.00643,0.00645
33.69000,0.00642,0.00644
33.71000,0.00642,0.00644
33.73000,0.00641,0.00643
33.75000,0.00641,0.00643
33.77000,0.00640,0.00642
33.79000,0.00639,0.00641
33.81000,0.00639,0.00641
33.83000,0.00638,0.00640
33.85000,0.00638,0.00640
33.87000,0.00637,0.00639
33.89000,0.00636,0.00638
33.91000,0.00636,0.00638
33.93000,0.00635,0.00637
33.95000,0.00635,0.00637
33.97000,0.00634,0.00636
33.99000,0.00633,0.00635
34.01000,0.00633,0.00635
34.03000,0.00632,0.00634
34.05000,0.00632,0.00634
34.07000,0.00631,0.00633
34.09000,0.00630,0.00633
34.11000,0.00630,0.00632
34.13000,0.00629,0.00631
34.15000,0.00629,0.00631
34.17000,0.00628,0.00630
34.19000,0.00628,0.00630
34.21000,0.00627,0.00629
34.23000,0.00626,0.00628
34.25000,0.00626,0.00628
34.27000,0.00625,0.00627
34.29000,0.00625,0.00627
34.31000,0.00624,0.00626
34.33000,0.00623,0.00626
34.35000,0.00623,0.00625
34.37000,0.00622,0.00624
34.39000,0.00622,0.00624
34.41000,0.00621,0.00623
34.43000,0.00621,0.00623
34.45000,0.00620,0.00622
34.47000,0.00619,0.00621
34.49000,0.00619,0.00621
34.51000,0.00618,0.00620
34.53000,0.00618,0.00620
34.55000,0.00617,0.00619
34.57000,0.00617,0.00619
34.59000,0.00616,0.00618
34.61000,0.00615,0.00617
34.63000,0.00615,0.00617
34.65000,0.00614,0.00616
34.67000,0.00614,0.00616
34.69000,0.00613,0.00615
34.71000,0.00613,0.00615
34.73000,0.00612,0.00614
34.75000,0.00611,0.00613
34.77000,0.00611,0.00613
34.79000,0.00610,0.00612
34.81000,0.00610,0.00612
34.83000,0.00609,0.00611
34.85000,0.00608,0.00611
34.87000,0.00608,0.00610
34.89000,0.00607,0.00609
34.91000,0.00607,0.00609
34.93000,0.00606,0.00608
34.95000,0.00606,0.00608
34.97000,0.00605,0.00607
34.99000,0.00605,0.00607
35.01000,0.00604,0.00606
35.03000,0.00603,0.00606
35.05000,0.00603,0.00605
35.07000,0.00602,0.00604
35.09000,0.00602,0.00604
35.11000,0.00601,0.00603
35.13000,0.00601,0.00603
35.15000,0.00600,0.00602
35.17000,0.00599,0.00602
35.19000,0.00599,0.00601
35.21000,0.00598,0.00600
35.23000,0.00598,0.00600
35.25000,0.00597,0.00599
35.27000,0.00597,0.00599
35.29000,0.00596,0.00598
35.31000,0.00596,0.00598
35.33000,0.00595,0.00597
35.35000,0.00594,0.00597
35.37000,0.00594,0.00596
35.39000,0.00593,0.00595
35.41000,0.00593,0.00595
35.43000,0.00592,0.00594
35.45000,0.00592,0.00594
35.47000,0.00591,0.00593
35.49000,0.00591,0.00593
35.51000,0.00590,0.00592
35.53000,0.00589,0.00592
35.55000,0.00589,0.00591
35.57000,0.00588,0.00591
35.59000,0.00588,0.00590
35.61000,0.00587,0.00589
35.63000,0.00587,0.00589
35.65000,0.00586,0.00588
35.67000,0.00586,0.00588
35.69000,0.00585,0.00587
35.71000,0.00584,0.00587
35.73000,0.00584,0.00586
35.75000,0.00583,0.00586
35.77000,0.00583,0.00585
35.79000,0.00582,0.00585
35.81000,0.00582,0.00584
35.83000,0.00581,0.00583
35.85000,0.00581,0.00583
35.87000,0.00580,0.00582
35.89000,0.00579,0.00582
35.91000,0.00579,0.00581
35.93000,0.00578,0.00581
35.95000,0.00578,0.00580
35.97000,0.00577,0.00580
35.99000,0.00577,0.00579
36.01000,0.00576,0.00579
36.03000,0.00576,0.00578
36.05000,0.00575,0.00578
36.07000,0.00575,0.00577
36.09000,0.00574,0.00576
36.11000,0.00573,0.00576
36.13000,0.00573,0.00575
36.15000,0.00572,0.00575
36.17000,0.00572,0.00574
36.19000,0.00571,0.00574
36.21000,0.00571,0.00573
36.23000,0.00570,0.00573
36.25000,0.00570,0.00572
36.27000,0.00569,0.00572
36.29000,0.00569,0.00571
36.31000,0.00568,0.00571
36.33000,0.00568,0.00570
36.35000,0.00567,0.00570
36.37000,0.00566,0.00569
36.39000,0.00566,0.00568
36.41000,0.00565,0.00568
36.43000,0.00565,0.00567
36.45000,0.00564,0.00567
36.47000,0.00564,0.00566
36.49000,0.00563,0.00566
36.51000,0.00563,0.00565
36.53000,0.00562,0.00565
36.55000,0.00562,0.00564
36.57000,0.00561,0.00564
36.59000,0.00561,0.00563
36.61000,0.00560,0.00563
36.63000,0.00559,0.00562
36.65000,0.00559,0.00562
36.67000,0.00558,0.00561
36.69000,0.00558,0.00561
36.71000,0.00557,0.00560
36.73000,0.00557,0.00560
36.75000,0.00556,0.00559
36.77000,0.00556,0.00559
36.79000,0.00555,0.00558
36.81000,0.00555,0.00557
36.83000,0.00554,0.00557
36.85000,0.00554,0.00556
36.87000,0.00553,0.00556
36.89000,0.00553,0.00555
36.91000,0.00552,0.00555
36.93000,0.00552,0.00554
36.95000,0.00551,0.00554
36.97000,0.00551,0.00553
36.99000,0.00550,0.00553
37.01000,0.00550,0.00552
37.03000,0.00549,0.00552
37.05000,0.00549,0.00551
37.07000,0.00548,0.00551
37.09000,0.00548,0.00550
37.11000,0.00547,0.00550
37.13000,0.00547,0.00549
37.15000,0.00546,0.00549
37.17000,0.00546,0.00548
37.19000,0.00545,0.00548
37.21000,0.00545,0.00547
37.23000,0.00544,0.00547
37.25000,0.00543,0.00546
37.27000,0.00543,0.00546
37.29000,0.00542,0.00545
37.31000,0.00542,0.00545
37.33000,0.00541,0.00544
37.35000,0.00541,0.00544
37.37000,0.00540,0.00543
37.39000,0.00540,0.00543
37.41000,0.00539,0.00542
37.43000,0.00539,0.00542
37.45000,0.00538,0.00541
37.47000,0.00538,0.00541
37.49000,0.00537,0.00540
37.51000,0.00537,0.00540
37.53000,0.00536,0.00539
37.55000,0.00536,0.00539
37.57000,0.00535,0.00538
37.59000,0.00535,0.00538
37.61000,0.00534,0.00537
37.63000,0.00534,0.00537
37.65000,0.00533,0.00536
37.67000,0.00533,0.00536
37.69000,0.00532,0.00535
37.71000,0.00532,0.00535
37.73000,0.00531,0.00534
37.75000,0.00531,0.00534
37.77000,0.00530,0.00533
37.79000,0.00530,0.00533
37.81000,0.00529,0.00532
37.83000,0.00529,0.00532
37.85000,0.00528,0.00531
37.87000,0.00528,0.00531
37.89000,0.00528,0.00530
37.91000,0.00527,0.00530
37.93000,0.00527,0.00529
37.95000,0.00526,0.00529
37.97000,0.00526,0.00528
37.99000,0.00525,0.00528
38.01000,0.00525,0.00527
38.03000,0.00524,0.00527
38.05000,0.00524,0.00526
38.07000,0.00523,0.00526
38.09000,0.00523,0.00525
38.11000,0.00522,0.00525
38.13000,0.00522,0.00524
38.15000,0.00521,0.00524
38.17000,0.00521,0.00523
38.19000,0.00520,0.00523
38.21000,0.00520,0.00522
38.23000,0.00519,0.00522
38.25000,0.00519,0.00521
38.27000,0.00518,0.00521
38.29000,0.00518,0.00520
38.31000,0.00517,0.00520
38.33000,0.00517,0.00520
38.35000,0.00516,0.00519
38.37000,0.00516,0.00519
38.39000,0.00515,0.00518
38.41000,0.00515,0.00518
38.43000,0.00514,0.00517
38.45000,0.00514,0.00517
38.47000,0.00513,0.00516
38.49000,0.00513,0.00516
38.51000,0.00512,0.00515
38.53000,0.00512,0.00515
38.55000,0.00512,0.00514
38.57000,0.00511,0.00514
38.59000,0.00511,0.00513
38.61000,0.00510,0.00513
38.63000,0.00510,0.00512
38.65000,0.00509,0.00512
38.67000,0.00509,0.00511
38.69000,0.00508,0.00511
38.71000,0.00508,0.00510
38.73000,0.00507,0.00510
38.75000,0.00507,0.00510
38.77000,0.00506,0.00509
38.79000,0.00506,0.00509
38.81000,0.00505,0.00508
38.83000,0.00505,0.00508
38.85000,0.00504,0.00507
38.87000,0.00504,0.00507
38.89000,0.00504,0.00506
38.91000,0.00503,0.00506
38.93000,0.00503,0.00505
38.95000,0.00502,0.00505
38.97000,0.00502,0.00504
38.99000,0.00501,0.00504
39.01000,0.00501,0.00503
39.03000,0.00500,0.00503
39.05000,0.00500,0.00502
39.07000,0.00499,0.00502
39.09000,0.00499,0.00502
39.11000,0.00498,0.00501
39.13000,0.00498,0.00501
39.15000,0.00498,0.00500
39.17000,0.00497,0.00500
39.19000,0.00497,0.00499
39.21000,0.00496,0.00499
39.23000,0.00496,0.00498
39.25000,0.00495,0.00498
39.27000,0.00495,0.00497
39.29000,0.00494,0.00497
39.31000,0.00494,0.00496
39.33000,0.00493,0.00496
39.35000,0.00493,0.00496
39.37000,0.00493,0.00495
39.39000,0.00492,0.00495
39.41000,0.00492,0.00494
39.43000,0.00491,0.00494
39.45000,0.00491,0.00493
39.47000,0.00490,0.00493
39.49000,0.00490,0.00492
39.51000,0.00489,0.00492
39.53000,0.00489,0.00491
39.55000,0.00488,0.00491
39.57000,0.00488,0.00490
39.59000,0.00488,0.00490
39.61000,0.00487,0.00490
39.63000,0.00487,0.00489
39.65000,0.00486,0.00489
39.67000,0.00486,0.00488
39.69000,0.00485,0.00488
39.71000,0.00485,0.00487
39.73000,0.00484,0.00487
39.75000,0.00484,0.00486
39.77000,0.00484,0.00486
39.79000,0.00483,0.00485
39.81000,0.00483,0.00485
39.83000,0.00482,0.00485
39.85000,0.00482,0.00484
39.87000,0.00481,0.00484
39.89000,0.00481,0.00483
39.91000,0.00481,0.00483
39.93000,0.00480,0.00482
39.95000,0.00480,0.00482
39.97000,0.00479,0.00481
39.99000,0.00479,0.00481
