p,e1,e2
0.00000,,-1.01260
0.00140,-1.00000,-1.01260
0.00280,-1.00000,-1.01259
0.00420,-0.99999,-1.01259
0.00561,-0.99999,-1.01258
0.00701,-0.99998,-1.01258
0.00841,-0.99997,-1.01257
0.00981,-0.99996,-1.01256
0.01121,-0.99995,-1.01255
0.01261,-0.99993,-1.01253
0.01401,-0.99992,-1.01252
0.01542,-0.99990,-1.01250
0.01682,-0.99988,-1.01248
0.01822,-0.99986,-1.01246
0.01962,-0.99984,-1.01244
0.02102,-0.99982,-1.01241
0.02242,-0.99979,-1.01239
0.02382,-0.99976,-1.01236
0.02523,-0.99973,-1.01233
0.02663,-0.99970,-1.01230
0.02803,-0.99967,-1.01227
0.02943,-0.99964,-1.01224
0.03083,-0.99960,-1.01220
0.03223,-0.99957,-1.01216
0.03363,-0.99953,-1.01213
0.03504,-0.99949,-1.01209
0.03644,-0.99945,-1.01204
0.03784,-0.99940,-1.01200
0.03924,-0.99936,-1.01196
0.04064,-0.99931,-1.01191
0.04204,-0.99926,-1.01186
0.04344,-0.99921,-1.01181
0.04484,-0.99916,-1.01176
0.04625,-0.99911,-1.01171
0.04765,-0.99905,-1.01165
0.04905,-0.99900,-1.01160
0.05045,-0.99894,-1.01154
0.05185,-0.99888,-1.01148
0.05325,-0.99882,-1.01142
0.05465,-0.99876,-1.01135
0.05606,-0.99869,-1.01129
0.05746,-0.99862,-1.01122
0.05886,-0.99856,-1.01115
0.06026,-0.99849,-1.01108
0.06166,-0.99842,-1.01101
0.06306,-0.99834,-1.01094
0.06446,-0.99827,-1.01087
0.06587,-0.99819,-1.01079
0.06727,-0.99812,-1.01071
0.06867,-0.99804,-1.01063
0.07007,-0.99795,-1.01055
0.07147,-0.99787,-1.01047
0.07287,-0.99779,-1.01039
0.07427,-0.99770,-1.01030
0.07568,-0.99761,-1.01021
0.07708,-0.99753,-1.01012
0.07848,-0.99743,-1.01003
0.07988,-0.99734,-1.00994
0.08128,-0.99725,-1.00985
0.08268,-0.99715,-1.00975
0.08408,-0.99706,-1.00965
0.08549,-0.99696,-1.00955
0.08689,-0.99686,-1.00945
0.08829,-0.99675,-1.00935
0.08969,-0.99665,-1.00925
0.09109,-0.99654,-1.00914
0.09249,-0.99644,-1.00903
0.09389,-0.99633,-1.00892
0.09530,-0.99622,-1.00881
0.09670,-0.99611,-1.00870
0.09810,-0.99599,-1.00859
0.09950,-0.99588,-1.00847
0.10090,-0.99576,-1.00836
0.10230,-0.99564,-1.00824
0.10370,-0.99552,-1.00812
0.10511,-0.99540,-1.00799
0.10651,-0.99528,-1.00787
0.10791,-0.99515,-1.00775
0.10931,-0.99502,-1.00762
0.11071,-0.99490,-1.00749
0.11211,-0.99477,-1.00736
0.11351,-0.99463,-1.00723
0.11491,-0.99450,-1.00710
0.11632,-0.99437,-1.00696
0.11772,-0.99423,-1.00682
0.11912,-0.99409,-1.00669
0.12052,-0.99395,-1.00655
0.12192,-0.99381,-1.00640
0.12332,-0.99367,-1.00626
0.12472,-0.99352,-1.00612
0.12613,-0.99338,-1.00597
0.12753,-0.99323,-1.00582
0.12893,-0.99308,-1.00567
0.13033,-0.99293,-1.00552
0.13173,-0.99278,-1.00537
0.13313,-0.99262,-1.00521
0.13453,-0.99246,-1.00506
0.13594,-0.99231,-1.00490
0.13734,-0.99215,-1.00474
0.13874,-0.99199,-1.00458
0.14014,-0.99182,-1.00441
0.14154,-0.99166,-1.00425
0.14294,-0.99149,-1.00408
0.14434,-0.99133,-1.00392
0.14575,-0.99116,-1.00375
0.14715,-0.99099,-1.00358
0.14855,-0.99081,-1.00340
0.14995,-0.99064,-1.00323
0.15135,-0.99047,-1.00305
0.15275,-0.99029,-1.00288
0.15415,-0.99011,-1.00270
0.15556,-0.98993,-1.00252
0.15696,-0.98975,-1.00233
0.15836,-0.98956,-1.00215
0.15976,-0.98938,-1.00196
0.16116,-0.98919,-1.00178
0.16256,-0.98900,-1.00159
0.16396,-0.98881,-1.00140
0.16537,-0.98862,-1.00120
0.16677,-0.98843,-1.00101
0.16817,-0.98823,-1.00081
0.16957,-0.98803,-1.00062
0.17097,-0.98784,-1.00042
0.17237,-0.98764,-1.00022
0.17377,-0.98744,-1.00002
0.17518,-0.98723,-0.99981
0.17658,-0.98703,-0.99961
0.17798,-0.98682,-0.99940
0.17938,-0.98661,-0.99919
0.18078,-0.98640,-0.99898
0.18218,-0.98619,-0.99877
0.18358,-0.98598,-0.99855
0.18498,-0.98576,-0.99834
0.18639,-0.98555,-0.99812
0.18779,-0.98533,-0.99790
0.18919,-0.98511,-0.99768
0.19059,-0.98489,-0.99746
0.19199,-0.98467,-0.99724
0.19339,-0.98444,-0.99701
0.19479,-0.98422,-0.99679
0.19620,-0.98399,-0.99656
0.19760,-0.98376,-0.99633
0.19900,-0.98353,-0.99610
0.20040,-0.98330,-0.99586
0.20180,-0.98306,-0.99563
0.20320,-0.98283,-0.99539
0.20460,-0.98259,-0.99515
0.20601,-0.98235,-0.99492
0.20741,-0.98211,-0.99467
0.20881,-0.98187,-0.99443
0.21021,-0.98163,-0.99419
0.21161,-0.98138,-0.99394
0.21301,-0.98113,-0.99369
0.21441,-0.98088,-0.99344
0.21582,-0.98063,-0.99319
0.21722,-0.98038,-0.99294
0.21862,-0.98013,-0.99268
0.22002,-0.97987,-0.99243
0.22142,-0.97962,-0.99217
0.22282,-0.97936,-0.99191
0.22422,-0.97910,-0.99165
0.22563,-0.97884,-0.99139
0.22703,-0.97858,-0.99112
0.22843,-0.97831,-0.99086
0.22983,-0.97804,-0.99059
0.23123,-0.97778,-0.99032
0.23263,-0.97751,-0.99005
0.23403,-0.97724,-0.98978
0.23544,-0.97696,-0.98950
0.23684,-0.97669,-0.98923
0.23824,-0.97641,-0.98895
0.23964,-0.97613,-0.98867
0.24104,-0.97586,-0.98839
0.24244,-0.97557,-0.98811
0.24384,-0.97529,-0.98782
0.24525,-0.97501,-0.98754
0.24665,-0.97472,-0.98725
0.24805,-0.97444,-0.98696
0.24945,-0.97415,-0.98667
0.25085,-0.97386,-0.98638
0.25225,-0.97356,-0.98608
0.25365,-0.97327,-0.98579
0.25506,-0.97298,-0.98549
0.25646,-0.97268,-0.98519
0.25786,-0.97238,-0.98489
0.25926,-0.97208,-0.98459
0.26066,-0.97178,-0.98429
0.26206,-0.97148,-0.98398
0.26346,-0.97117,-0.98368
0.26486,-0.97086,-0.98337
0.26627,-0.97056,-0.98306
0.26767,-0.97025,-0.98275
0.26907,-0.96993,-0.98243
0.27047,-0.96962,-0.98212
0.27187,-0.96931,-0.98180
0.27327,-0.96899,-0.98148
0.27467,-0.96867,-0.98116
0.27608,-0.96835,-0.98084
0.27748,-0.96803,-0.98052
0.27888,-0.96771,-0.98019
0.28028,-0.96739,-0.97987
0.28168,-0.96706,-0.97954
0.28308,-0.96673,-0.97921
0.28448,-0.96640,-0.97888
0.28589,-0.96607,-0.97854
0.28729,-0.96574,-0.97821
0.28869,-0.96541,-0.97787
0.29009,-0.96507,-0.97753
0.29149,-0.96474,-0.97719
0.29289,-0.96440,-0.97685
0.29429,-0.96406,-0.97651
0.29570,-0.96372,-0.97617
0.29710,-0.96337,-0.97582
0.29850,-0.96303,-0.97547
0.29990,-0.96268,-0.97512
0.30130,-0.96233,-0.97477
0.30270,-0.96198,-0.97442
0.30410,-0.96163,-0.97406
0.30551,-0.96128,-0.97371
0.30691,-0.96092,-0.97335
0.30831,-0.96057,-0.97299
0.30971,-0.96021,-0.97263
0.31111,-0.95985,-0.97227
0.31251,-0.95949,-0.97190
0.31391,-0.95913,-0.97154
0.31532,-0.95876,-0.97117
0.31672,-0.95840,-0.97080
0.31812,-0.95803,-0.97043
0.31952,-0.95766,-0.97006
0.32092,-0.95729,-0.96969
0.32232,-0.95692,-0.96931
0.32372,-0.95655,-0.96893
0.32513,-0.95617,-0.96855
0.32653,-0.95580,-0.96817
0.32793,-0.95542,-0.96779
0.32933,-0.95504,-0.96741
0.33073,-0.95466,-0.96702
0.33213,-0.95427,-0.96663
0.33353,-0.95389,-0.96625
0.33493,-0.95350,-0.96586
0.33634,-0.95311,-0.96546
0.33774,-0.95272,-0.96507
0.33914,-0.95233,-0.96467
0.34054,-0.95194,-0.96428
0.34194,-0.95155,-0.96388
0.34334,-0.95115,-0.96348
0.34474,-0.95075,-0.96308
0.34615,-0.95036,-0.96267
0.34755,-0.94995,-0.96227
0.34895,-0.94955,-0.96186
0.35035,-0.94915,-0.96145
0.35175,-0.94874,-0.96104
0.35315,-0.94834,-0.96063
0.35455,-0.94793,-0.96022
0.35596,-0.94752,-0.95980
0.35736,-0.94711,-0.95939
0.35876,-0.94669,-0.95897
0.36016,-0.94628,-0.95855
0.36156,-0.94586,-0.95813
0.36296,-0.94545,-0.95771
0.36436,-0.94503,-0.95728
0.36577,-0.94461,-0.95685
0.36717,-0.94418,-0.95643
0.36857,-0.94376,-0.95600
0.36997,-0.94333,-0.95557
0.37137,-0.94291,-0.95513
0.37277,-0.94248,-0.95470
0.37417,-0.94205,-0.95426
0.37558,-0.94162,-0.95382
0.37698,-0.94118,-0.95338
0.37838,-0.94075,-0.95294
0.37978,-0.94031,-0.95250
0.38118,-0.93987,-0.95206
0.38258,-0.93943,-0.95161
0.38398,-0.93899,-0.95116
0.38539,-0.93855,-0.95071
0.38679,-0.93810,-0.95026
0.38819,-0.93766,-0.94981
0.38959,-0.93721,-0.94936
0.39099,-0.93676,-0.94890
0.39239,-0.93631,-0.94844
0.39379,-0.93586,-0.94798
0.39520,-0.93541,-0.94752
0.39660,-0.93495,-0.94706
0.39800,-0.93449,-0.94660
0.39940,-0.93403,-0.94613
0.40080,-0.93357,-0.94566
0.40220,-0.93311,-0.94520
0.40360,-0.93265,-0.94472
0.40501,-0.93219,-0.94425
0.40641,-0.93172,-0.94378
0.40781,-0.93125,-0.94330
0.40921,-0.93078,-0.94283
0.41061,-0.93031,-0.94235
0.41201,-0.92984,-0.94187
0.41341,-0.92936,-0.94139
0.41481,-0.92889,-0.94090
0.41622,-0.92841,-0.94042
0.41762,-0.92793,-0.93993
0.41902,-0.92745,-0.93944
0.42042,-0.92697,-0.93895
0.42182,-0.92649,-0.93846
0.42322,-0.92600,-0.93797
0.42462,-0.92552,-0.93747
0.42603,-0.92503,-0.93697
0.42743,-0.92454,-0.93648
0.42883,-0.92405,-0.93598
0.43023,-0.92356,-0.93547
0.43163,-0.92306,-0.93497
0.43303,-0.92257,-0.93447
0.43443,-0.92207,-0.93396
0.43584,-0.92157,-0.93345
0.43724,-0.92107,-0.93294
0.43864,-0.92057,-0.93243
0.44004,-0.92007,-0.93192
0.44144,-0.91956,-0.93140
0.44284,-0.91905,-0.93089
0.44424,-0.91855,-0.93037
0.44565,-0.91804,-0.92985
0.44705,-0.91753,-0.92933
0.44845,-0.91701,-0.92880
0.44985,-0.91650,-0.92828
0.45125,-0.91598,-0.92775
0.45265,-0.91547,-0.92723
0.45405,-0.91495,-0.92670
0.45546,-0.91443,-0.92616
0.45686,-0.91391,-0.92563
0.45826,-0.91338,-0.92510
0.45966,-0.91286,-0.92456
0.46106,-0.91233,-0.92402
0.46246,-0.91180,-0.92348
0.46386,-0.91127,-0.92294
0.46527,-0.91074,-0.92240
0.46667,-0.91021,-0.92186
0.46807,-0.90968,-0.92131
0.46947,-0.90914,-0.92076
0.47087,-0.90860,-0.92021
0.47227,-0.90807,-0.91966
0.47367,-0.90753,-0.91911
0.47508,-0.90698,-0.91856
0.47648,-0.90644,-0.91800
0.47788,-0.90590,-0.91744
0.47928,-0.90535,-0.91689
0.48068,-0.90480,-0.91633
0.48208,-0.90425,-0.91576
0.48348,-0.90370,-0.91520
0.48488,-0.90315,-0.91463
0.48629,-0.90260,-0.91407
0.48769,-0.90204,-0.91350
0.48909,-0.90149,-0.91293
0.49049,-0.90093,-0.91236
0.49189,-0.90037,-0.91178
0.49329,-0.89981,-0.91121
0.49469,-0.89924,-0.91063
0.49610,-0.89868,-0.91005
0.49750,-0.89811,-0.90947
0.49890,-0.89755,-0.90889
0.50030,-0.89698,-0.90831
0.50170,-0.89641,-0.90772
0.50310,-0.89584,-0.90713
0.50450,-0.89526,-0.90655
0.50591,-0.89469,-0.90596
0.50731,-0.89411,-0.90536
0.50871,-0.89353,-0.90477
0.51011,-0.89296,-0.90418
0.51151,-0.89238,-0.90358
0.51291,-0.89179,-0.90298
0.51431,-0.89121,-0.90238
0.51572,-0.89062,-0.90178
0.51712,-0.89004,-0.90118
0.51852,-0.88945,-0.90057
0.51992,-0.88886,-0.89997
0.52132,-0.88827,-0.89936
0.52272,-0.88768,-0.89875
0.52412,-0.88708,-0.89814
0.52553,-0.88649,-0.89752
0.52693,-0.88589,-0.89691
0.52833,-0.88529,-0.89629
0.52973,-0.88469,-0.89568
0.53113,-0.88409,-0.89506
0.53253,-0.88349,-0.89443
0.53393,-0.88288,-0.89381
0.53534,-0.88228,-0.89319
0.53674,-0.88167,-0.89256
0.53814,-0.88106,-0.89193
0.53954,-0.88045,-0.89130
0.54094,-0.87984,-0.89067
0.54234,-0.87922,-0.89004
0.54374,-0.87861,-0.88941
0.54515,-0.87799,-0.88877
0.54655,-0.87737,-0.88813
0.54795,-0.87676,-0.88749
0.54935,-0.87614,-0.88685
0.55075,-0.87551,-0.88621
0.55215,-0.87489,-0.88557
0.55355,-0.87426,-0.88492
0.55495,-0.87364,-0.88427
0.55636,-0.87301,-0.88363
0.55776,-0.87238,-0.88298
0.55916,-0.87175,-0.88232
0.56056,-0.87112,-0.88167
0.56196,-0.87048,-0.88101
0.56336,-0.86985,-0.88036
0.56476,-0.86921,-0.87970
0.56617,-0.86857,-0.87904
0.56757,-0.86793,-0.87838
0.56897,-0.86729,-0.87771
0.57037,-0.86665,-0.87705
0.57177,-0.86601,-0.87638
0.57317,-0.86536,-0.87571
0.57457,-0.86471,-0.87504
0.57598,-0.86407,-0.87437
0.57738,-0.86342,-0.87370
0.57878,-0.86276,-0.87302
0.58018,-0.86211,-0.87234
0.58158,-0.86146,-0.87167
0.58298,-0.86080,-0.87099
0.58438,-0.86014,-0.87030
0.58579,-0.85949,-0.86962
0.58719,-0.85883,-0.86894
0.58859,-0.85817,-0.86825
0.58999,-0.85750,-0.86756
0.59139,-0.85684,-0.86687
0.59279,-0.85617,-0.86618
0.59419,-0.85551,-0.86549
0.59560,-0.85484,-0.86479
0.59700,-0.85417,-0.86410
0.59840,-0.85350,-0.86340
0.59980,-0.85282,-0.86270
0.60120,-0.85215,-0.86200
0.60260,-0.85147,-0.86129
0.60400,-0.85080,-0.86059
0.60541,-0.85012,-0.85988
0.60681,-0.84944,-0.85918
0.60821,-0.84876,-0.85847
0.60961,-0.84807,-0.85775
0.61101,-0.84739,-0.85704
0.61241,-0.84671,-0.85633
0.61381,-0.84602,-0.85561
0.61522,-0.84533,-0.85489
0.61662,-0.84464,-0.85417
0.61802,-0.84395,-0.85345
0.61942,-0.84326,-0.85273
0.62082,-0.84256,-0.85201
0.62222,-0.84187,-0.85128
0.62362,-0.84117,-0.85055
0.62503,-0.84047,-0.84982
0.62643,-0.83977,-0.84909
0.62783,-0.83907,-0.84836
0.62923,-0.83837,-0.84763
0.63063,-0.83767,-0.84689
0.63203,-0.83696,-0.84615
0.63343,-0.83625,-0.84542
0.63483,-0.83555,-0.84467
0.63624,-0.83484,-0.84393
0.63764,-0.83413,-0.84319
0.63904,-0.83341,-0.84244
0.64044,-0.83270,-0.84170
0.64184,-0.83199,-0.84095
0.64324,-0.83127,-0.84020
0.64464,-0.83055,-0.83945
0.64605,-0.82983,-0.83869
0.64745,-0.82911,-0.83794
0.64885,-0.82839,-0.83718
0.65025,-0.82767,-0.83642
0.65165,-0.82694,-0.83566
0.65305,-0.82622,-0.83490
0.65445,-0.82549,-0.83414
0.65586,-0.82476,-0.83337
0.65726,-0.82403,-0.83260
0.65866,-0.82330,-0.83183
0.66006,-0.82257,-0.83106
0.66146,-0.82184,-0.83029
0.66286,-0.82110,-0.82952
0.66426,-0.82036,-0.82874
0.66567,-0.81963,-0.82797
0.66707,-0.81889,-0.82719
0.66847,-0.81815,-0.82641
0.66987,-0.81740,-0.82563
0.67127,-0.81666,-0.82485
0.67267,-0.81591,-0.82406
0.67407,-0.81517,-0.82327
0.67548,-0.81442,-0.82249
0.67688,-0.81367,-0.82170
0.67828,-0.81292,-0.82091
0.67968,-0.81217,-0.82011
0.68108,-0.81142,-0.81932
0.68248,-0.81066,-0.81852
0.68388,-0.80991,-0.81772
0.68529,-0.80915,-0.81692
0.68669,-0.80839,-0.81612
0.68809,-0.80763,-0.81532
0.68949,-0.80687,-0.81452
0.69089,-0.80611,-0.81371
0.69229,-0.80535,-0.81290
0.69369,-0.80458,-0.81209
0.69510,-0.80382,-0.81128
0.69650,-0.80305,-0.81047
0.69790,-0.80228,-0.80966
0.69930,-0.80151,-0.80884
0.70070,-0.80074,-0.80802
0.70210,-0.79997,-0.80720
0.70350,-0.79919,-0.80638
0.70490,-0.79842,-0.80556
0.70631,-0.79764,-0.80474
0.70771,-0.79686,-0.80391
0.70911,-0.79608,-0.80308
0.71051,-0.79530,-0.80225
0.71191,-0.79452,-0.80142
0.71331,-0.79374,-0.80059
0.71471,-0.79296,-0.79976
0.71612,-0.79217,-0.79892
0.71752,-0.79138,-0.79808
0.71892,-0.79060,-0.79725
0.72032,-0.78981,-0.79641
0.72172,-0.78902,-0.79556
0.72312,-0.78822,-0.79472
0.72452,-0.78743,-0.79387
0.72593,-0.78664,-0.79303
0.72733,-0.78584,-0.79218
0.72873,-0.78504,-0.79133
0.73013,-0.78424,-0.79048
0.73153,-0.78344,-0.78962
0.73293,-0.78264,-0.78877
0.73433,-0.78184,-0.78791
0.73574,-0.78104,-0.78705
0.73714,-0.78023,-0.78619
0.73854,-0.77943,-0.78533
0.73994,-0.77862,-0.78447
0.74134,-0.77781,-0.78360
0.74274,-0.77700,-0.78274
0.74414,-0.77619,-0.78187
0.74555,-0.77538,-0.78100
0.74695,-0.77457,-0.78013
0.74835,-0.77375,-0.77925
0.74975,-0.77294,-0.77838
0.75115,-0.77212,-0.77750
0.75255,-0.77130,-0.77662
0.75395,-0.77048,-0.77575
0.75536,-0.76966,-0.77486
0.75676,-0.76884,-0.77398
0.75816,-0.76802,-0.77310
0.75956,-0.76719,-0.77221
0.76096,-0.76637,-0.77132
0.76236,-0.76554,-0.77043
0.76376,-0.76471,-0.76954
0.76517,-0.76388,-0.76865
0.76657,-0.76305,-0.76775
0.76797,-0.76222,-0.76686
0.76937,-0.76139,-0.76596
0.77077,-0.76056,-0.76506
0.77217,-0.75972,-0.76416
0.77357,-0.75888,-0.76326
0.77497,-0.75805,-0.76235
0.77638,-0.75721,-0.76145
0.77778,-0.75637,-0.76054
0.77918,-0.75553,-0.75963
0.78058,-0.75468,-0.75872
0.78198,-0.75384,-0.75781
0.78338,-0.75300,-0.75689
0.78478,-0.75215,-0.75598
0.78619,-0.75130,-0.75506
0.78759,-0.75046,-0.75414
0.78899,-0.74961,-0.75322
0.79039,-0.74876,-0.75230
0.79179,-0.74791,-0.75138
0.79319,-0.74705,-0.75045
0.79459,-0.74620,-0.74952
0.79600,-0.74534,-0.74859
0.79740,-0.74449,-0.74766
0.79880,-0.74363,-0.74673
0.80020,-0.74277,-0.74580
0.80160,-0.74191,-0.74486
0.80300,-0.74105,-0.74393
0.80440,-0.74019,-0.74299
0.80581,-0.73933,-0.74205
0.80721,-0.73846,-0.74110
0.80861,-0.73760,-0.74016
0.81001,-0.73673,-0.73922
0.81141,-0.73587,-0.73827
0.81281,-0.73500,-0.73732
0.81421,-0.73413,-0.73637
0.81562,-0.73326,-0.73542
0.81702,-0.73238,-0.73447
0.81842,-0.73151,-0.73351
0.81982,-0.73064,-0.73255
0.82122,-0.72976,-0.73160
0.82262,-0.72889,-0.73064
0.82402,-0.72801,-0.72967
0.82543,-0.72713,-0.72871
0.82683,-0.72625,-0.72775
0.82823,-0.72537,-0.72678
0.82963,-0.72449,-0.72581
0.83103,-0.72361,-0.72484
0.83243,-0.72272,-0.72387
0.83383,-0.72184,-0.72290
0.83524,-0.72095,-0.72192
0.83664,-0.72007,-0.72095
0.83804,-0.71918,-0.71997
0.83944,-0.71829,-0.71899
0.84084,-0.71740,-0.71801
0.84224,-0.71651,-0.71703
0.84364,-0.71562,-0.71604
0.84505,-0.71473,-0.71506
0.84645,-0.71383,-0.71407
0.84785,-0.71294,-0.71308
0.84925,-0.71204,-0.71209
0.85065,-0.71114,-0.71110
0.85205,-0.71025,-0.71010
0.85345,-0.70935,-0.70910
0.85485,-0.70845,-0.70811
0.85626,-0.70755,-0.70711
0.85766,-0.70664,-0.70611
0.85906,-0.70574,-0.70511
0.86046,-0.70484,-0.70410
0.86186,-0.70393,-0.70310
0.86326,-0.70303,-0.70209
0.86466,-0.70212,-0.70108
0.86607,-0.70121,-0.70007
0.86747,-0.70030,-0.69906
0.86887,-0.69939,-0.69804
0.87027,-0.69848,-0.69703
0.87167,-0.69757,-0.69601
0.87307,-0.69666,-0.69499
0.87447,-0.69574,-0.69397
0.87588,-0.69483,-0.69295
0.87728,-0.69391,-0.69192
0.87868,-0.69300,-0.69090
0.88008,-0.69208,-0.68987
0.88148,-0.69116,-0.68884
0.88288,-0.69024,-0.68781
0.88428,-0.68932,-0.68678
0.88569,-0.68840,-0.68575
0.88709,-0.68748,-0.68471
0.88849,-0.68656,-0.68368
0.88989,-0.68563,-0.68264
0.89129,-0.68471,-0.68160
0.89269,-0.68378,-0.68056
0.89409,-0.68286,-0.67951
0.89550,-0.68193,-0.67847
0.89690,-0.68100,-0.67742
0.89830,-0.68007,-0.67637
0.89970,-0.67914,-0.67532
0.90110,-0.67821,-0.67427
0.90250,-0.67728,-0.67322
0.90390,-0.67635,-0.67216
0.90531,-0.67541,-0.67111
0.90671,-0.67448,-0.67005
0.90811,-0.67355,-0.66899
0.90951,-0.67261,-0.66793
0.91091,-0.67167,-0.66687
0.91231,-0.67074,-0.66580
0.91371,-0.66980,-0.66473
0.91512,-0.66886,-0.66367
0.91652,-0.66792,-0.66260
0.91792,-0.66698,-0.66153
0.91932,-0.66604,-0.66045
0.92072,-0.66510,-0.65938
0.92212,-0.66415,-0.65830
0.92352,-0.66321,-0.65722
0.92492,-0.66226,-0.65615
0.92633,-0.66132,-0.65506
0.92773,-0.66037,-0.65398
0.92913,-0.65943,-0.65290
0.93053,-0.65848,-0.65181
0.93193,-0.65753,-0.65072
0.93333,-0.65658,-0.64963
0.93473,-0.65563,-0.64854
0.93614,-0.65468,-0.64745
0.93754,-0.65373,-0.64636
0.93894,-0.65278,-0.64526
0.94034,-0.65183,-0.64416
0.94174,-0.65087,-0.64307
0.94314,-0.64992,-0.64196
0.94454,-0.64897,-0.64086
0.94595,-0.64801,-0.63976
0.94735,-0.64705,-0.63865
0.94875,-0.64610,-0.63755
0.95015,-0.64514,-0.63644
0.95155,-0.64418,-0.63533
0.95295,-0.64322,-0.63421
0.95435,-0.64226,-0.63310
0.95576,-0.64130,-0.63199
0.95716,-0.64034,-0.63087
0.95856,-0.63938,-0.62975
0.95996,-0.63842,-0.62863
0.96136,-0.63746,-0.62751
0.96276,-0.63650,-0.62638
0.96416,-0.63553,-0.62526
0.96557,-0.63457,-0.62413
0.96697,-0.63360,-0.62300
0.96837,-0.63264,-0.62187
0.96977,-0.63167,-0.62074
0.97117,-0.63071,-0.61961
0.97257,-0.62974,-0.61847
0.97397,-0.62877,-0.61734
0.97538,-0.62781,-0.61620
0.97678,-0.62684,-0.61506
0.97818,-0.62587,-0.61392
0.97958,-0.62490,-0.61277
0.98098,-0.62393,-0.61163
0.98238,-0.62296,-0.61048
0.98378,-0.62199,-0.60934
0.98519,-0.62102,-0.60819
0.98659,-0.62004,-0.60703
0.98799,-0.61907,-0.60588
0.98939,-0.61810,-0.60473
0.99079,-0.61713,-0.60357
0.99219,-0.61615,-0.60241
0.99359,-0.61518,-0.60125
0.99499,-0.61420,-0.60009
0.99640,-0.61323,-0.59893
0.99780,-0.61225,-0.59776
0.99920,-0.61128,-0.59660
1.00060,-0.61030,-0.59543
1.00200,-0.60933,-0.59426
1.00340,-0.60835,-0.59309
1.00480,-0.60737,-0.59192
1.00621,-0.60639,-0.59074
1.00761,-0.60542,-0.58957
1.00901,-0.60444,-0.58839
1.01041,-0.60346,-0.58721
1.01181,-0.60248,-0.58603
1.01321,-0.60150,-0.58485
1.01461,-0.60052,-0.58366
1.01602,-0.59954,-0.58248
1.01742,-0.59856,-0.58129
1.01882,-0.59758,-0.58010
1.02022,-0.59660,-0.57891
1.02162,-0.59562,-0.57772
1.02302,-0.59464,-0.57652
1.02442,-0.59366,-0.57533
1.02583,-0.59268,-0.57413
1.02723,-0.59170,-0.57293
1.02863,-0.59071,-0.57173
1.03003,-0.58973,-0.57053
1.03143,-0.58875,-0.56933
1.03283,-0.58777,-0.56812
1.03423,-0.58679,-0.56691
1.03564,-0.58580,-0.56571
1.03704,-0.58482,-0.56450
1.03844,-0.58384,-0.56328
1.03984,-0.58286,-0.56207
1.04124,-0.58187,-0.56085
1.04264,-0.58089,-0.55964
1.04404,-0.57991,-0.55842
1.04545,-0.57892,-0.55720
1.04685,-0.57794,-0.55598
1.04825,-0.57696,-0.55475
1.04965,-0.57597,-0.55353
1.05105,-0.57499,-0.55230
1.05245,-0.57401,-0.55107
1.05385,-0.57302,-0.54984
1.05526,-0.57204,-0.54861
1.05666,-0.57106,-0.54738
1.05806,-0.57007,-0.54614
1.05946,-0.56909,-0.54491
1.06086,-0.56811,-0.54367
1.06226,-0.56713,-0.54243
1.06366,-0.56614,-0.54119
1.06507,-0.56516,-0.53995
1.06647,-0.56418,-0.53870
1.06787,-0.56320,-0.53746
1.06927,-0.56221,-0.53621
1.07067,-0.56123,-0.53496
1.07207,-0.56025,-0.53371
1.07347,-0.55927,-0.53245
1.07487,-0.55829,-0.53120
1.07628,-0.55731,-0.52994
1.07768,-0.55633,-0.52869
1.07908,-0.55535,-0.52743
1.08048,-0.55437,-0.52617
1.08188,-0.55339,-0.52490
1.08328,-0.55241,-0.52364
1.08468,-0.55143,-0.52237
1.08609,-0.55045,-0.52110
1.08749,-0.54947,-0.51984
1.08889,-0.54849,-0.51856
1.09029,-0.54751,-0.51729
1.09169,-0.54654,-0.51602
1.09309,-0.54556,-0.51474
1.09449,-0.54458,-0.51347
1.09590,-0.54361,-0.51219
1.09730,-0.54263,-0.51091
1.09870,-0.54166,-0.50962
1.10010,-0.54068,-0.50834
1.10150,-0.53971,-0.50705
1.10290,-0.53873,-0.50577
1.10430,-0.53776,-0.50448
1.10571,-0.53679,-0.50319
1.10711,-0.53582,-0.50190
1.10851,-0.53485,-0.50060
1.10991,-0.53388,-0.49931
1.11131,-0.53291,-0.49801
1.11271,-0.53194,-0.49671
1.11411,-0.53097,-0.49541
1.11552,-0.53000,-0.49411
1.11692,-0.52904,-0.49280
1.11832,-0.52807,-0.49150
1.11972,-0.52711,-0.49019
1.12112,-0.52614,-0.48888
1.12252,-0.52518,-0.48757
1.12392,-0.52422,-0.48626
1.12533,-0.52326,-0.48495
1.12673,-0.52230,-0.48363
1.12813,-0.52134,-0.48232
1.12953,-0.52038,-0.48100
1.13093,-0.51942,-0.47968
1.13233,-0.51846,-0.47836
1.13373,-0.51751,-0.47703
1.13514,-0.51655,-0.47571
1.13654,-0.51560,-0.47438
1.13794,-0.51465,-0.47305
1.13934,-0.51370,-0.47173
1.14074,-0.51275,-0.47039
1.14214,-0.51180,-0.46906
1.14354,-0.51085,-0.46773
1.14494,-0.50990,-0.46639
1.14635,-0.50896,-0.46505
1.14775,-0.50801,-0.46371
1.14915,-0.50707,-0.46237
1.15055,-0.50613,-0.46103
1.15195,-0.50519,-0.45968
1.15335,-0.50425,-0.45834
1.15475,-0.50332,-0.45699
1.15616,-0.50238,-0.45564
1.15756,-0.50145,-0.45429
1.15896,-0.50051,-0.45294
1.16036,-0.49958,-0.45158
1.16176,-0.49866,-0.45023
1.16316,-0.49773,-0.44887
1.16456,-0.49680,-0.44751
1.16597,-0.49588,-0.44615
1.16737,-0.49496,-0.44479
1.16877,-0.49404,-0.44342
1.17017,-0.49312,-0.44206
1.17157,-0.49220,-0.44069
1.17297,-0.49129,-0.43932
1.17437,-0.49037,-0.43795
1.17578,-0.48946,-0.43658
1.17718,-0.48855,-0.43520
1.17858,-0.48765,-0.43383
1.17998,-0.48674,-0.43245
1.18138,-0.48584,-0.43107
1.18278,-0.48494,-0.42969
1.18418,-0.48404,-0.42831
1.18559,-0.48314,-0.42693
1.18699,-0.48225,-0.42554
1.18839,-0.48136,-0.42415
1.18979,-0.48047,-0.42276
1.19119,-0.47958,-0.42137
1.19259,-0.47870,-0.41998
1.19399,-0.47781,-0.41859
1.19540,-0.47694,-0.41719
1.19680,-0.47606,-0.41580
1.19820,-0.47518,-0.41440
1.19960,-0.47431,-0.41300
1.20100,-0.47344,-0.41160
1.20240,-0.47258,-0.41019
1.20380,-0.47172,-0.40879
1.20521,-0.47086,-0.40738
1.20661,-0.47000,-0.40597
1.20801,-0.46914,-0.40456
1.20941,-0.46829,-0.40315
1.21081,-0.46745,-0.40174
1.21221,-0.46660,-0.40032
1.21361,-0.46576,-0.39891
1.21502,-0.46492,-0.39749
1.21642,-0.46409,-0.39607
1.21782,-0.46326,-0.39465
1.21922,-0.46243,-0.39322
1.22062,-0.46160,-0.39180
1.22202,-0.46078,-0.39037
1.22342,-0.45997,-0.38895
1.22482,-0.45915,-0.38752
1.22623,-0.45834,-0.38608
1.22763,-0.45754,-0.38465
1.22903,-0.45674,-0.38322
1.23043,-0.45594,-0.38178
1.23183,-0.45515,-0.38034
1.23323,-0.45436,-0.37890
1.23463,-0.45357,-0.37746
1.23604,-0.45279,-0.37602
1.23744,-0.45202,-0.37458
1.23884,-0.45124,-0.37313
1.24024,-0.45048,-0.37168
1.24164,-0.44971,-0.37023
1.24304,-0.44896,-0.36878
1.24444,-0.44820,-0.36733
1.24585,-0.44746,-0.36588
1.24725,-0.44671,-0.36442
1.24865,-0.44598,-0.36296
1.25005,-0.44524,-0.36150
1.25145,-0.44452,-0.36004
1.25285,-0.44380,-0.35858
1.25425,-0.44308,-0.35712
1.25566,-0.44237,-0.35565
1.25706,-0.44167,-0.35418
1.25846,-0.44097,-0.35272
1.25986,-0.44027,-0.35124
1.26126,-0.43959,-0.34977
1.26266,-0.43891,-0.34830
1.26406,-0.43823,-0.34682
1.26547,-0.43757,-0.34535
1.26687,-0.43691,-0.34387
1.26827,-0.43625,-0.34239
1.26967,-0.43560,-0.34091
1.27107,-0.43496,-0.33942
1.27247,-0.43433,-0.33794
1.27387,-0.43371,-0.33645
1.27528,-0.43309,-0.33496
1.27668,-0.43248,-0.33347
1.27808,-0.43187,-0.33198
1.27948,-0.43128,-0.33049
1.28088,-0.43069,-0.32899
1.28228,-0.43011,-0.32749
1.28368,-0.42954,-0.32600
1.28509,-0.42898,-0.32450
1.28649,-0.42843,-0.32299
1.28789,-0.42789,-0.32149
1.28929,-0.42735,-0.31999
1.29069,-0.42683,-0.31848
1.29209,-0.42631,-0.31697
1.29349,-0.42581,-0.31546
1.29489,-0.42531,-0.31395
1.29630,-0.42483,-0.31244
1.29770,-0.42435,-0.31092
1.29910,-0.42389,-0.30941
1.30050,-0.42344,-0.30789
1.30190,-0.42299,-0.30637
1.30330,-0.42256,-0.30485
1.30470,-0.42215,-0.30333
1.30611,-0.42174,-0.30180
1.30751,-0.42135,-0.30027
1.30891,-0.42096,-0.29875
1.31031,-0.42060,-0.29722
1.31171,-0.42024,-0.29569
1.31311,-0.41990,-0.29415
1.31451,-0.41957,-0.29262
1.31592,-0.41926,-0.29108
1.31732,-0.41896,-0.28955
1.31872,-0.41868,-0.28801
1.32012,-0.41841,-0.28647
1.32152,-0.41816,-0.28492
1.32292,-0.41793,-0.28338
1.32432,-0.41771,-0.28183
1.32573,-0.41751,-0.28029
1.32713,-0.41732,-0.27874
1.32853,-0.41716,-0.27719
1.32993,-0.41701,-0.27563
1.33133,-0.41689,-0.27408
1.33273,-0.41678,-0.27252
1.33413,-0.41669,-0.27097
1.33554,-0.41663,-0.26941
1.33694,-0.41659,-0.26785
1.33834,-0.41657,-0.26629
1.33974,-0.41657,-0.26472
1.34114,-0.41659,-0.26316
1.34254,-0.41665,-0.26159
1.34394,-0.41672,-0.26002
1.34535,-0.41683,-0.25845
1.34675,-0.41696,-0.25688
1.34815,-0.41712,-0.25530
1.34955,-0.41730,-0.25373
1.35095,-0.41752,-0.25215
1.35235,-0.41777,-0.25057
1.35375,-0.41806,-0.24899
1.35516,-0.41838,-0.24741
1.35656,-0.41873,-0.24583
1.35796,-0.41912,-0.24424
1.35936,-0.41955,-0.24266
1.36076,-0.42001,-0.24107
1.36216,-0.42052,-0.23948
1.36356,-0.42108,-0.23789
1.36496,-0.42168,-0.23629
1.36637,-0.42232,-0.23470
1.36777,-0.42302,-0.23310
1.36917,-0.42377,-0.23150
1.37057,-0.42457,-0.22990
1.37197,-0.42543,-0.22830
1.37337,-0.42636,-0.22670
1.37477,-0.42735,-0.22510
1.37618,-0.42840,-0.22349
1.37758,-0.42953,-0.22188
1.37898,-0.43073,-0.22027
1.38038,-0.43202,-0.21866
1.38178,-0.43339,-0.21705
1.38318,-0.43486,-0.21543
1.38458,-0.43643,-0.21382
1.38599,-0.43810,-0.21220
1.38739,-0.43989,-0.21058
1.38879,-0.44180,-0.20896
1.39019,-0.44385,-0.20734
1.39159,-0.44605,-0.20571
1.39299,-0.44842,-0.20409
1.39439,-0.45096,-0.20246
1.39580,-0.45370,-0.20083
1.39720,-0.45667,-0.19920
1.39860,-0.45989,-0.19757
1.40000,-0.46341,-0.19593
